ENSG00000139263	LRIG3	TCGA-LUAD	2.18770785315251e-10	4874.4381139489	3.51214618745103e-06	3.51214618745103e-06
ENSG00000127616	SMARCA4	TCGA-LUAD	2.24504443890061e-09	4942.5500982318	3.60396983776715e-05	1.80209717110552e-05
ENSG00000117713	ARID1A	TCGA-LUAD	1.75069390686806e-08	4981.5933202358	0.000281003878991393	7.02640999521496e-05
ENSG00000121879	PIK3CA	TCGA-LUAD	7.76178249472466e-09	4991.8998035363	0.00012459213260532	4.15358853901032e-05
ENSG00000182901	RGS7	TCGA-LUAD	5.92464441576115e-08	5030.8055009823	0.000950905428729665	0.000190228482901259
ENSG00000139687	RB1	TCGA-LUAD	8.12236943952639e-08	5052.1866404715	0.00130355907134959	0.000217327531636928
ENSG00000079999	KEAP1	TCGA-LUAD	3.6038933935314e-07	5092.8251473477	0.00578280733926049	0.000642854494886146
ENSG00000182872	RBM10	TCGA-LUAD	2.79877951396815e-07	5097.6542239686	0.0044912014860647	0.000561645078965559
ENSG00000141510	TP53	TCGA-LUAD	2.52866200259049e-07	5100.1100196464	0.00405799678175722	0.000561645078965559
ENSG00000163939	PBRM1	TCGA-LUAD	8.92375547399407e-07	5111.6444007859	0.0143181656580235	0.00143261970379501
ENSG00000140396	NCOA2	TCGA-LUAD	1.44125943588538e-06	5117.1316306483	0.0231206838704733	0.00177984453720799
ENSG00000181555	SETD2	TCGA-LUAD	1.98992050049273e-06	5118.6876227898	0.0319183248279033	0.00212974558099402
ENSG00000171681	ATF7IP	TCGA-LUAD	1.37668961638674e-06	5133.278978389	0.0220862315156924	0.00177984453720799
ENSG00000168036	CTNNB1	TCGA-LUAD	1.95976493062374e-06	5141.6640471513	0.0314365892521354	0.00212974558099402
ENSG00000151779	NBAS	TCGA-LUAD	3.87876500852067e-06	5142.1455525606	0.0622037544416459	0.0034594274137106
ENSG00000135333	EPHA7	TCGA-LUAD	1.35001167472009e-06	5158.5756385069	0.0216595873092091	0.00177984453720799
ENSG00000174197	MGA	TCGA-LUAD	5.15659408417281e-06	5168.7779960707	0.082685986139711	0.00413919807136552
ENSG00000146648	EGFR	TCGA-LUAD	2.73468837287812e-06	5169.5265225933	0.0438616668125922	0.00274391794613659
ENSG00000118046	STK11	TCGA-LUAD	7.14584778996305e-06	5182.815324165	0.114576523464268	0.00546283049619366
ENSG00000134371	CDC73	TCGA-LUAD	3.42884155486477e-06	5183.952848723	0.0549917608569212	0.00323803660716465
ENSG00000196159	FAT4	TCGA-LUAD	5.06617250104673e-06	5188.1335952849	0.0812411422267854	0.00413919807136552
ENSG00000059145	UNKL	TCGA-LUAD	3.25713307955655e-05	5189.9694444444	0.521923004668141	0.0168677465997422
ENSG00000106462	EZH2	TCGA-LUAD	9.43901943445271e-06	5196.6227897839	0.151326359573146	0.00658843556524799
ENSG00000149311	ATM	TCGA-LUAD	1.50221664687655e-05	5203.4931237721	0.240805328494311	0.00964663441958245
ENSG00000165186	PTCHD1	TCGA-LUAD	1.76501776333241e-05	5209.8551136364	0.282914697284552	0.0108983058355917
ENSG00000180611	MB21D2	TCGA-LUAD	8.05460398851451e-06	5212.931237721	0.129139465747853	0.0058776642014369
ENSG00000165731	RET	TCGA-LUAD	2.12815277442742e-05	5217.9430255403	0.341079045157482	0.0122019159430921
ENSG00000129757	CDKN1C	TCGA-LUAD	3.6586032687627e-05	5221.3333333333	0.586218001753847	0.0179276971531816
ENSG00000118434	SPACA1	TCGA-LUAD	3.68515015606698e-05	5234.4827586207	0.590434758005052	0.0179276971531816
ENSG00000068438	FTSJ1	TCGA-LUAD	4.22695077585114e-05	5238.0391644909	0.677199783799111	0.019958666986916
ENSG00000203747	FCGR3A	TCGA-LUAD	4.99917378279092e-05	5241.7480106101	0.800767656527449	0.021691009705115
ENSG00000183808	RBM12B	TCGA-LUAD	7.58367343404576e-05	5242.1010362694	1	0.0276700666614024
ENSG00000010671	BTK	TCGA-LUAD	2.32517001247486e-05	5246.2259332024	0.372631746199222	0.0128718204759557
ENSG00000126233	SLURP1	TCGA-LUAD	9.92497519250545e-05	5248.2593582888	1	0.0309050155732524
ENSG00000142731	PLK4	TCGA-LUAD	0.000100103451464378	5248.8198924731	1	0.0309050155732524
ENSG00000168702	LRP1B	TCGA-LUAD	2.8980058523091e-05	5251.4381139489	0.464405437832533	0.0155081953176567
ENSG00000189077	TMEM120A	TCGA-LUAD	0.000107132780212882	5253.6657458564	1	0.032396455666759
ENSG00000106799	TGFBR1	TCGA-LUAD	0.000114094808189731	5259.813648294	1	0.0327085366192489
ENSG00000196968	FUT11	TCGA-LUAD	0.000160912442809605	5261.1818181818	1	0.0430548059477567
ENSG00000166073	GPR176	TCGA-LUAD	0.000166306733825988	5263.6702702703	1	0.0437686607351216
ENSG00000197837	HIST4H4	TCGA-LUAD	0.00012325982642623	5264.9666666667	1	0.034716021990293
ENSG00000185668	POU3F1	TCGA-LUAD	9.0361710302704e-05	5265.3875338753	1	0.0303655868427416
ENSG00000213281	NRAS	TCGA-LUAD	4.91431873873384e-05	5268.278978389	0.787224718757773	0.021691009705115
ENSG00000171847	FAM90A1	TCGA-LUAD	0.000314809802947509	5278.8831521739	1	0.0647943150835808
ENSG00000196712	NF1	TCGA-LUAD	6.51483122074398e-05	5279.4361493124	1	0.0249021667661485
ENSG00000165182	CXorf58	TCGA-LUAD	0.000201725219043146	5285.9758713137	1	0.0483357711420696
ENSG00000138074	SLC5A6	TCGA-LUAD	0.000156555449242263	5290.8540540541	1	0.0425990030870388
ENSG00000055609	KMT2C	TCGA-LUAD	6.22354665586298e-05	5291.9980353635	0.996700996936456	0.0249021667661485
ENSG00000037280	FLT4	TCGA-LUAD	6.99065838877201e-05	5296.5068762279	1	0.0260995418077548
ENSG00000243729	OR5V1	TCGA-LUAD	0.000250199717121087	5297.5527065527	1	0.0565733275867878
ENSG00000136235	GPNMB	TCGA-LUAD	9.53957758932578e-05	5306.3692307692	1	0.0309050155732524
ENSG00000147889	CDKN2A	TCGA-LUAD	0.000186715251728443	5309.5245579568	1	0.0461157946345911
ENSG00000013441	CLK1	TCGA-LUAD	0.000234045182694044	5309.9683377309	1	0.0536765908995739
ENSG00000109189	USP46	TCGA-LUAD	0.000435987534663338	5312.3257142857	1	0.0763318339307559
ENSG00000086300	SNX10	TCGA-LUAD	0.000185662562699132	5314.199488491	1	0.0461157946345911
ENSG00000267467	APOC4	TCGA-LUAD	0.000224340064078596	5315.6910569106	1	0.0529640498340849
ENSG00000133703	KRAS	TCGA-LUAD	0.000110210018440089	5317.8683693517	1	0.032396455666759
ENSG00000165023	DIRAS2	TCGA-LUAD	0.000230567694791373	5317.9083557951	1	0.0536454169881261
ENSG00000176925	OR51F2	TCGA-LUAD	0.000336003437020105	5324.0355191257	1	0.0673519692185143
ENSG00000187535	IFT140	TCGA-LUAD	0.000294635614689254	5326.8865435356	1	0.0630518737087236
ENSG00000205076	LGALS7	TCGA-LUAD	0.000352408459845222	5327.3400503778	1	0.0673519692185143
ENSG00000177947	ODF3	TCGA-LUAD	0.000292122626787165	5327.7945945946	1	0.0630518737087236
ENSG00000204176	SYT15	TCGA-LUAD	0.000553843822704858	5328.453038674	1	0.0846800831400361
ENSG00000178537	SLC25A20	TCGA-LUAD	0.000593636091738915	5329.2404371585	1	0.0878192948181738
ENSG00000179195	ZNF664	TCGA-LUAD	0.000276772833067446	5329.3466666667	1	0.0617126536397885
ENSG00000160201	U2AF1	TCGA-LUAD	0.000343930851270505	5330.1198428291	1	0.0673519692185143
ENSG00000130449	ZSWIM6	TCGA-LUAD	0.000302416486581022	5333.5013927577	1	0.0630518737087236
ENSG00000054277	OPN3	TCGA-LUAD	0.000373627745560151	5333.72	1	0.068161588945712
ENSG00000112799	LY86	TCGA-LUAD	0.000634359212337474	5335.2380952381	1	0.0899047532102183
ENSG00000008118	CAMK1G	TCGA-LUAD	0.000449461264876001	5336.3941798942	1	0.0763318339307559
ENSG00000087302	C14orf166	TCGA-LUAD	0.000440195588587881	5337.4408602151	1	0.0763318339307559
ENSG00000128829	EIF2AK4	TCGA-LUAD	0.000451695790670351	5341.3512820513	1	0.0763318339307559
ENSG00000167749	KLK4	TCGA-LUAD	0.000483872766489479	5341.8285714286	1	0.079127111770609
ENSG00000160691	SHC1	TCGA-LUAD	0.000539709824093469	5342.277486911	1	0.0841213739417141
ENSG00000187736	NHEJ1	TCGA-LUAD	0.000300425275272269	5343.8207792208	1	0.0630518737087236
ENSG00000198369	SPRED2	TCGA-LUAD	0.000677582447669888	5344.7493188011	1	0.090305624138675
ENSG00000066336	SPI1	TCGA-LUAD	0.000742060585540928	5346.8774373259	1	0.0922998137202119
ENSG00000157764	BRAF	TCGA-LUAD	0.000344785937028152	5348.5618860511	1	0.0673519692185143
ENSG00000082684	SEMA5B	TCGA-LUAD	0.000857882504737528	5349.8961038961	1	0.102464814038665
ENSG00000257923	CUX1	TCGA-LUAD	0.0003715700687602	5350.3222003929	1	0.068161588945712
ENSG00000126467	TSKS	TCGA-LUAD	0.00070313959245885	5350.8892045455	1	0.090305624138675
ENSG00000130779	CLIP1	TCGA-LUAD	0.000390004287703181	5353.0825147348	1	0.0703497621886165
ENSG00000142235	LMTK3	TCGA-LUAD	0.000683706305011833	5353.828125	1	0.090305624138675
ENSG00000172167	MTBP	TCGA-LUAD	0.000576776955611705	5354.1940700809	1	0.0870082981590746
ENSG00000157654	PALM2-AKAP2	TCGA-LUAD	0.000451597230037785	5354.6736292428	1	0.0763318339307559
ENSG00000131143	COX4I1	TCGA-LUAD	0.000622268536738872	5359.6756756757	1	0.0891955275786236
ENSG00000232119	MCTS1	TCGA-LUAD	0.00127588559407596	5362.7834757835	1	0.120195676436221
ENSG00000125834	STK35	TCGA-LUAD	0.000669415362867448	5363.1282722513	1	0.090305624138675
ENSG00000237763	AMY1A	TCGA-LUAD	0.000638416710225793	5365.5433070866	1	0.0899047532102183
ENSG00000186204	CYP4F12	TCGA-LUAD	0.000776719222461554	5366.3115183246	1	0.0951866442549449
ENSG00000185825	BCAP31	TCGA-LUAD	0.00074605471747251	5366.5105263158	1	0.0922998137202119
ENSG00000163634	THOC7	TCGA-LUAD	0.00104207521183199	5367.2395543175	1	0.111828300802448
ENSG00000198799	LRIG2	TCGA-LUAD	0.00134765303092811	5370.2237569061	1	0.120195676436221
ENSG00000006468	ETV1	TCGA-LUAD	0.000671977285820473	5370.4403183024	1	0.090305624138675
ENSG00000161270	NPHS1	TCGA-LUAD	0.000336207187617197	5371.2905759162	1	0.0673519692185143
ENSG00000184394	OR4N5	TCGA-LUAD	0.000803855894750505	5371.4571428571	1	0.0977659282903379
ENSG00000181939	OR4C15	TCGA-LUAD	0.0011248034723442	5372.8783068783	1	0.113759777995982
ENSG00000162924	REL	TCGA-LUAD	0.000596256579991338	5374.4523809524	1	0.0878192948181738
ENSG00000167971	CASKIN1	TCGA-LUAD	0.00164748461373799	5375.0292553191	1	0.130327235742505
ENSG00000109089	CDR2L	TCGA-LUAD	0.0011935799569323	5375.3411458333	1	0.116825941549528
ENSG00000040731	CDH10	TCGA-LUAD	0.000545794815493592	5377.0275049116	1	0.0842518266147512
ENSG00000170099	SERPINA6	TCGA-LUAD	0.00252680112869544	5377.1243093923	1	0.143631262203595
ENSG00000130182	ZSCAN10	TCGA-LUAD	0.000483433196406058	5381.4005037783	1	0.079127111770609
ENSG00000124721	DNAH8	TCGA-LUAD	0.000677845449762972	5381.4133333333	1	0.090305624138675
ENSG00000063601	MTMR1	TCGA-LUAD	0.000916690305688237	5381.7398373984	1	0.104028847854371
ENSG00000154589	LY96	TCGA-LUAD	0.00182450662879575	5382.6296296296	1	0.130327235742505
ENSG00000163788	SNRK	TCGA-LUAD	0.000862465294004426	5384.0215633423	1	0.102464814038665
ENSG00000171311	EXOSC1	TCGA-LUAD	0.00140944585076568	5384.3774647887	1	0.122105039397306
ENSG00000181518	OR8D4	TCGA-LUAD	0.0012004128690297	5384.5196629213	1	0.116825941549528
ENSG00000164306	PRIMPOL	TCGA-LUAD	0.00109605924152276	5386.5605263158	1	0.113651597161483
ENSG00000171217	CLDN20	TCGA-LUAD	0.00126915976982816	5386.5846560847	1	0.120195676436221
ENSG00000198934	MAGEE1	TCGA-LUAD	0.00147201656916714	5387.9157894737	1	0.125035735457192
ENSG00000164347	GFM2	TCGA-LUAD	0.00129686671421482	5390.1946666667	1	0.120195676436221
ENSG00000090924	PLEKHG2	TCGA-LUAD	0.00179069802490552	5390.4363143631	1	0.130327235742505
ENSG00000160593	AMICA1	TCGA-LUAD	0.0018664580312782	5392.9743589744	1	0.130327235742505
ENSG00000106246	PTCD1	TCGA-LUAD	0.00240967504627201	5394.1096256684	1	0.143631262203595
ENSG00000165685	TMEM52B	TCGA-LUAD	0.00338881772044623	5394.6123595506	1	0.155256309223127
ENSG00000181626	ANKRD62	TCGA-LUAD	0.00179888354629115	5396.6094182825	1	0.130327235742505
ENSG00000171606	ZNF274	TCGA-LUAD	0.0025945599874824	5396.6194444444	1	0.143631262203595
ENSG00000197183	C20orf112	TCGA-LUAD	0.00157337933743027	5397.8184281843	1	0.129401853918165
ENSG00000188981	MSANTD1	TCGA-LUAD	0.00124099522157447	5398.7197943445	1	0.120017694500943
ENSG00000149294	NCAM1	TCGA-LUAD	0.00173802953269159	5399.3234501348	1	0.130327235742505
ENSG00000163909	HEYL	TCGA-LUAD	0.00258806215177313	5399.599469496	1	0.143631262203595
ENSG00000197121	PGAP1	TCGA-LUAD	0.0020566495064452	5399.75	1	0.134019418477846
ENSG00000183401	CCDC159	TCGA-LUAD	0.00129783280711584	5400.2077922078	1	0.120195676436221
ENSG00000132669	RIN2	TCGA-LUAD	0.00194662959310389	5401.0807799443	1	0.130327235742505
ENSG00000105643	ARRDC2	TCGA-LUAD	0.00161149327422494	5401.2798982188	1	0.129401853918165
ENSG00000123395	C12orf44	TCGA-LUAD	0.00230886992097852	5401.3524590164	1	0.142970212467852
ENSG00000168936	TMEM129	TCGA-LUAD	0.00156509673002114	5401.7115384615	1	0.129401853918165
ENSG00000173762	CD7	TCGA-LUAD	0.00138920051285602	5401.8684210526	1	0.122105039397306
ENSG00000182712	CMC4	TCGA-LUAD	0.00179970971164055	5403.4675324675	1	0.130327235742505
ENSG00000138755	CXCL9	TCGA-LUAD	0.00161231503095523	5403.5454545455	1	0.129401853918165
ENSG00000181143	MUC16	TCGA-LUAD	0.00222469714772436	5403.8066298343	1	0.13951284378737
ENSG00000111328	CDK2AP1	TCGA-LUAD	0.00175230212572717	5404.5427807487	1	0.130327235742505
ENSG00000047662	FAM184B	TCGA-LUAD	0.00117417130262467	5405.4396782842	1	0.116358926495904
ENSG00000139324	TMTC3	TCGA-LUAD	0.00203908866417247	5406.4238227147	1	0.133614405773979
ENSG00000164237	CMBL	TCGA-LUAD	0.0031166413352537	5406.5686813187	1	0.151327581933668
ENSG00000165912	PACSIN3	TCGA-LUAD	0.00181737911968323	5408.0376344086	1	0.130327235742505
ENSG00000135090	TAOK3	TCGA-LUAD	0.00179344577779083	5408.2929292929	1	0.130327235742505
ENSG00000077800	FKBP6	TCGA-LUAD	0.00270433413410553	5408.5081967213	1	0.146192248469533
ENSG00000198373	WWP2	TCGA-LUAD	0.00304848898369967	5408.6897506925	1	0.151327581933668
ENSG00000167014	C15orf43	TCGA-LUAD	0.0025196998207851	5409.7506702413	1	0.143631262203595
ENSG00000254656	RTL1	TCGA-LUAD	0.00300120111518226	5410.0628571429	1	0.1505665084473
ENSG00000099282	TSPAN15	TCGA-LUAD	0.00191560266452495	5410.1390374332	1	0.130327235742505
ENSG00000154814	OXNAD1	TCGA-LUAD	0.00185327272862892	5410.4344262295	1	0.130327235742505
ENSG00000196578	OR5AC2	TCGA-LUAD	0.00133008327381639	5410.6875	1	0.120195676436221
ENSG00000168887	C2orf68	TCGA-LUAD	0.00334867547851698	5410.7650429799	1	0.154917431548425
ENSG00000031698	SARS	TCGA-LUAD	0.00184142990594421	5411.1782945736	1	0.130327235742505
ENSG00000152359	POC5	TCGA-LUAD	0.00279368454996784	5412.9171270718	1	0.14698614661262
ENSG00000177679	SRRM3	TCGA-LUAD	0.00307348499992672	5412.9731182796	1	0.151327581933668
ENSG00000182334	OR5P3	TCGA-LUAD	0.00215977244525026	5413.1344086022	1	0.136507822189164
ENSG00000142319	SLC6A3	TCGA-LUAD	0.00180716479910011	5414.8575197889	1	0.130327235742505
ENSG00000095596	CYP26A1	TCGA-LUAD	0.00194198694747683	5415.4657894737	1	0.130327235742505
ENSG00000162437	RAVER2	TCGA-LUAD	0.00285970430671734	5417.0165745856	1	0.14698614661262
ENSG00000072571	HMMR	TCGA-LUAD	0.0021122655417127	5417.5039164491	1	0.134564726216888
ENSG00000188386	PPP3R2	TCGA-LUAD	0.00189121292668536	5417.5853018373	1	0.130327235742505
ENSG00000138107	ACTR1A	TCGA-LUAD	0.00232380362889778	5417.6782841823	1	0.142970212467852
ENSG00000241127	YAE1D1	TCGA-LUAD	0.0014146964823657	5418.1973684211	1	0.122105039397306
ENSG00000131979	GCH1	TCGA-LUAD	0.00255969220054199	5418.8611111111	1	0.143631262203595
ENSG00000239857	GET4	TCGA-LUAD	0.00177617342018426	5419.0732984293	1	0.130327235742505
ENSG00000179546	HTR1D	TCGA-LUAD	0.00187387276614831	5419.5744125326	1	0.130327235742505
ENSG00000132286	TIMM10B	TCGA-LUAD	0.00241934459221684	5420.3844155844	1	0.143631262203595
ENSG00000068781	STON1-GTF2A1L	TCGA-LUAD	0.00258127727485108	5420.6720430108	1	0.143631262203595
ENSG00000066422	ZBTB11	TCGA-LUAD	0.0018961790961678	5420.955613577	1	0.130327235742505
ENSG00000129990	SYT5	TCGA-LUAD	0.00395666874795548	5421.7142857143	1	0.165804001961916
ENSG00000168434	COG7	TCGA-LUAD	0.00287591339199778	5421.7223796034	1	0.14698614661262
ENSG00000120253	NUP43	TCGA-LUAD	0.00308805622613061	5422.9157608696	1	0.151327581933668
ENSG00000067798	NAV3	TCGA-LUAD	0.00317284850589151	5423.0882352941	1	0.151327581933668
ENSG00000132842	AP3B1	TCGA-LUAD	0.00325270120419287	5424.1507936508	1	0.153584897447389
ENSG00000181404	XXyac-YRM2039.2	TCGA-LUAD	0.00254764198636574	5424.2756756757	1	0.143631262203595
ENSG00000105401	CDC37	TCGA-LUAD	0.0025832256823845	5424.4972826087	1	0.143631262203595
ENSG00000146592	CREB5	TCGA-LUAD	0.0031416985843355	5424.7192513369	1	0.151327581933668
ENSG00000158023	WDR66	TCGA-LUAD	0.00442750100400833	5424.8033240997	1	0.171874364957648
ENSG00000164070	HSPA4L	TCGA-LUAD	0.00242444222709009	5425.8668407311	1	0.143631262203595
ENSG00000108242	CYP2C18	TCGA-LUAD	0.0024058951099864	5426.3324250681	1	0.143631262203595
ENSG00000084070	SMAP2	TCGA-LUAD	0.00309213595410874	5427.5268817204	1	0.151327581933668
ENSG00000128564	VGF	TCGA-LUAD	0.00263888547345713	5427.7311827957	1	0.14508447736603
ENSG00000091409	ITGA6	TCGA-LUAD	0.00202450281172426	5427.8971722365	1	0.133202328440251
ENSG00000104805	NUCB1	TCGA-LUAD	0.00276878016470753	5428.0817438692	1	0.14698614661262
ENSG00000165046	LETM2	TCGA-LUAD	0.00272775916115702	5429.5368421053	1	0.146459684191354
ENSG00000073921	PICALM	TCGA-LUAD	0.00290589281923511	5429.5989304813	1	0.147164679242904
ENSG00000188158	NHS	TCGA-LUAD	0.00289321180575483	5429.6581632653	1	0.14698614661262
ENSG00000021300	PLEKHB1	TCGA-LUAD	0.00339447891723668	5429.7399463807	1	0.155256309223127
ENSG00000170775	GPR37	TCGA-LUAD	0.00349301895695359	5430.4735449735	1	0.157963172774459
ENSG00000167210	LOXHD1	TCGA-LUAD	0.00183482941511018	5430.9560723514	1	0.130327235742505
ENSG00000204246	OR13C3	TCGA-LUAD	0.00268196621531507	5431.1289473684	1	0.146192248469533
ENSG00000115290	GRB14	TCGA-LUAD	0.0035313806008111	5432.3	1	0.158975152614163
ENSG00000159882	ZNF230	TCGA-LUAD	0.00179898241493719	5432.3805774278	1	0.130327235742505
ENSG00000099953	MMP11	TCGA-LUAD	0.00356225375436165	5432.8285714286	1	0.15899093311887
ENSG00000125445	MRPS7	TCGA-LUAD	0.00359236970569638	5436.1013333333	1	0.15899093311887
ENSG00000106144	CASP2	TCGA-LUAD	0.00319415119875208	5436.2242744063	1	0.151712731789248
ENSG00000139354	GAS2L3	TCGA-LUAD	0.00288604046643071	5436.236503856	1	0.14698614661262
ENSG00000223510	CDRT15	TCGA-LUAD	0.00232435688639027	5436.5681233933	1	0.142970212467852
ENSG00000163217	BMP10	TCGA-LUAD	0.00505843007168057	5438.460916442	1	0.178709595744517
ENSG00000182512	GLRX5	TCGA-LUAD	0.00343923372409625	5438.4986666667	1	0.156856415359776
ENSG00000109738	GLRB	TCGA-LUAD	0.00407565966460167	5438.6143250689	1	0.166914898611008
ENSG00000159899	NPR2	TCGA-LUAD	0.00269020784566663	5439.5721649485	1	0.146192248469533
ENSG00000175376	EIF1AD	TCGA-LUAD	0.00400384011897198	5441.6098901099	1	0.165805016190279
ENSG00000121552	CSTA	TCGA-LUAD	0.00354197921271372	5441.9263157895	1	0.158975152614163
ENSG00000172939	OXSR1	TCGA-LUAD	0.00380601843531058	5441.9766233766	1	0.164694932508022
ENSG00000100938	GMPR2	TCGA-LUAD	0.00329170267385166	5443.6607594937	1	0.15438535181707
ENSG00000079432	CIC	TCGA-LUAD	0.00195580479396136	5444.0451866405	1	0.130327235742505
ENSG00000197345	MRPL21	TCGA-LUAD	0.00207748747238555	5444.8797953964	1	0.134168533920215
ENSG00000165495	PKNOX2	TCGA-LUAD	0.00549053067237954	5445.4373259053	1	0.180406554377751
ENSG00000069345	DNAJA2	TCGA-LUAD	0.00330812015853195	5445.7684478372	1	0.15438535181707
ENSG00000075914	EXOSC7	TCGA-LUAD	0.00535946151670727	5446.6675675676	1	0.179887178495849
ENSG00000139350	NEDD1	TCGA-LUAD	0.00385533452408714	5446.918699187	1	0.165804001961916
ENSG00000125703	ATG4C	TCGA-LUAD	0.0060585677467005	5447.0523560209	1	0.189325858905691
ENSG00000189079	ARID2	TCGA-LUAD	0.00330254877147782	5447.4675834971	1	0.15438535181707
ENSG00000127720	METTL25	TCGA-LUAD	0.00369813756983469	5447.6721311475	1	0.161770846174731
ENSG00000167283	ATP5L	TCGA-LUAD	0.00462410688736326	5448.2135416667	1	0.173211677383999
ENSG00000198715	C1orf85	TCGA-LUAD	0.00445439434446779	5449.361038961	1	0.172161140713047
ENSG00000163071	SPATA18	TCGA-LUAD	0.00315406546953019	5449.4869791667	1	0.151327581933668
ENSG00000158517	NCF1	TCGA-LUAD	0.00413427782308858	5451.1326530612	1	0.167436558981079
ENSG00000126266	FFAR1	TCGA-LUAD	0.00496099263987637	5451.1366120219	1	0.176986168534612
ENSG00000124839	RAB17	TCGA-LUAD	0.00439589398833374	5451.504	1	0.171760111684517
ENSG00000221937	TAS2R40	TCGA-LUAD	0.0043800082605103	5451.9705093834	1	0.171760111684517
ENSG00000007350	TKTL1	TCGA-LUAD	0.00456680934837169	5452.9867724868	1	0.172817633489733
ENSG00000128654	MTX2	TCGA-LUAD	0.00397358599876272	5453.2698412698	1	0.165804001961916
ENSG00000138735	PDE5A	TCGA-LUAD	0.00541207843612153	5453.4932614555	1	0.179887178495849
ENSG00000139146	FAM60A	TCGA-LUAD	0.00357776369508875	5453.6518324607	1	0.15899093311887
ENSG00000147162	OGT	TCGA-LUAD	0.00429882960897766	5453.6857142857	1	0.170459114891556
ENSG00000163322	FAM175A	TCGA-LUAD	0.00415097486448671	5454.1583113456	1	0.167436558981079
ENSG00000129691	ASH2L	TCGA-LUAD	0.00520566635945019	5454.4957746479	1	0.178954534763626
ENSG00000258311	RP11-644F5.10	TCGA-LUAD	0.0055915242173681	5455.3412698413	1	0.182651251395356
ENSG00000124568	SLC17A1	TCGA-LUAD	0.00528463534768008	5456.0275482094	1	0.179744779389102
ENSG00000167106	FAM102A	TCGA-LUAD	0.00395796107836798	5456.2853333333	1	0.165804001961916
ENSG00000149575	SCN2B	TCGA-LUAD	0.00367475524069773	5457.6564102564	1	0.161331274539999
ENSG00000124228	DDX27	TCGA-LUAD	0.00430278333449861	5458.0391644909	1	0.170459114891556
ENSG00000112902	SEMA5A	TCGA-LUAD	0.00549616326585177	5458.281420765	1	0.180406554377751
ENSG00000125746	EML2	TCGA-LUAD	0.0060275043374256	5458.5267379679	1	0.18921687971623
ENSG00000214642	DEFB113	TCGA-LUAD	0.00525232682127638	5459.5876010782	1	0.179406074018662
ENSG00000198108	CHSY3	TCGA-LUAD	0.00418298433889316	5459.7282051282	1	0.167884076441477
ENSG00000147606	SLC26A7	TCGA-LUAD	0.00458800449422689	5460.1168091168	1	0.172817633489733
ENSG00000188636	LDOC1L	TCGA-LUAD	0.00522630518962674	5460.1978319783	1	0.179280135714247
ENSG00000101440	ASIP	TCGA-LUAD	0.00409801140442179	5460.2905759162	1	0.166978363163927
ENSG00000174576	NPAS4	TCGA-LUAD	0.00608670515846893	5460.4347826087	1	0.189325858905691
ENSG00000116459	ATP5F1	TCGA-LUAD	0.00582102645462466	5460.6223404255	1	0.186156889845706
ENSG00000141429	GALNT1	TCGA-LUAD	0.00707467386645024	5461.0277777778	1	0.199272994517101
ENSG00000177842	ZNF620	TCGA-LUAD	0.00403906493424517	5461.2022792023	1	0.165839254359008
ENSG00000154415	PPP1R3A	TCGA-LUAD	0.00409347931988109	5461.4343163539	1	0.166978363163927
ENSG00000146618	FERD3L	TCGA-LUAD	0.00518681635966311	5461.5960451977	1	0.178954534763626
ENSG00000177595	PIDD	TCGA-LUAD	0.00457528595639675	5461.7957559682	1	0.172817633489733
ENSG00000116785	CFHR3	TCGA-LUAD	0.00660752632714639	5462.5162162162	1	0.196799959743146
ENSG00000162733	DDR2	TCGA-LUAD	0.00538325325911799	5462.5726027397	1	0.179887178495849
ENSG00000114646	CSPG5	TCGA-LUAD	0.00489453092274831	5462.7637362637	1	0.176969857934389
ENSG00000182333	LIPF	TCGA-LUAD	0.00492149257293958	5462.8431372549	1	0.176969857934389
ENSG00000105939	ZC3HAV1	TCGA-LUAD	0.00439724715973194	5463.1675675676	1	0.171760111684517
ENSG00000099985	OSM	TCGA-LUAD	0.00483704128361078	5463.5368956743	1	0.176780048225473
ENSG00000204397	CARD16	TCGA-LUAD	0.00494951203516512	5463.9345549738	1	0.176969857934389
ENSG00000184162	NR2C2AP	TCGA-LUAD	0.00629176695767864	5464.0877659574	1	0.191666084892928
ENSG00000151092	NGLY1	TCGA-LUAD	0.00462861651910648	5464.4694960212	1	0.173211677383999
ENSG00000175619	OR4B1	TCGA-LUAD	0.00426016108592511	5464.6735751295	1	0.17023879097473
ENSG00000196419	XRCC6	TCGA-LUAD	0.00539366113640468	5466.3682795699	1	0.179887178495849
ENSG00000256061	DYX1C1	TCGA-LUAD	0.00388504722877402	5466.6141732283	1	0.165804001961916
ENSG00000179912	R3HDM2	TCGA-LUAD	0.00592111225544463	5466.7209944751	1	0.188232744849323
ENSG00000157191	NECAP2	TCGA-LUAD	0.00549856394556292	5466.9841688654	1	0.180406554377751
ENSG00000147894	C9orf72	TCGA-LUAD	0.00517850513717839	5467.1728723404	1	0.178954534763626
ENSG00000106123	EPHB6	TCGA-LUAD	0.00452391137864121	5467.3246073298	1	0.172817633489733
ENSG00000180917	CMTR2	TCGA-LUAD	0.00215042235305166	5467.4931237721	1	0.136454072948187
ENSG00000177511	ST8SIA3	TCGA-LUAD	0.00706110737929904	5467.6382978723	1	0.199272994517101
ENSG00000100479	POLE2	TCGA-LUAD	0.00517224543048168	5467.6851851852	1	0.178954534763626
ENSG00000186104	CYP2R1	TCGA-LUAD	0.00517515712441678	5468.1503957784	1	0.178954534763626
ENSG00000119711	ALDH6A1	TCGA-LUAD	0.00466705043526958	5468.6278481013	1	0.174032933397184
ENSG00000163406	SLC15A2	TCGA-LUAD	0.00686102228426429	5468.6850828729	1	0.198300070527172
ENSG00000111670	GNPTAB	TCGA-LUAD	0.00698101707574265	5469.4119241192	1	0.199272994517101
ENSG00000179023	KLHDC7A	TCGA-LUAD	0.00337860619717707	5469.4512820513	1	0.155256309223127
ENSG00000125823	CSTL1	TCGA-LUAD	0.00706727357466603	5469.4796747967	1	0.199272994517101
ENSG00000189023	MAGEB16	TCGA-LUAD	0.00559763396577272	5469.4865591398	1	0.182651251395356
ENSG00000111218	PRMT8	TCGA-LUAD	0.00530522001937891	5469.9234972678	1	0.179887178495849
ENSG00000163202	LCE3D	TCGA-LUAD	0.00512364160101759	5470.1888297872	1	0.178954534763626
ENSG00000106211	HSPB1	TCGA-LUAD	0.00457364102407224	5470.420212766	1	0.172817633489733
ENSG00000173334	TRIB1	TCGA-LUAD	0.0071694907125112	5470.7656675749	1	0.199824659546276
ENSG00000006695	COX10	TCGA-LUAD	0.0049750462576523	5470.7884615385	1	0.177093996940909
ENSG00000114026	OGG1	TCGA-LUAD	0.0051654977170161	5471.1538461538	1	0.178954534763626
ENSG00000175183	CSRP2	TCGA-LUAD	0.00481764091654447	5471.6935933148	1	0.176580838525582
ENSG00000213694	S1PR3	TCGA-LUAD	0.00616114540667407	5471.7466666667	1	0.190580016105483
ENSG00000118420	UBE3D	TCGA-LUAD	0.00429486881691914	5472.0890052356	1	0.170459114891556
ENSG00000167680	SEMA6B	TCGA-LUAD	0.0047822795918948	5472.6165803109	1	0.175685850270662
ENSG00000144736	SHQ1	TCGA-LUAD	0.00515205547904744	5475.9484536082	1	0.178954534763626
ENSG00000099840	IZUMO4	TCGA-LUAD	0.00504523436344814	5476.27176781	1	0.178709595744517
ENSG00000131127	ZNF141	TCGA-LUAD	0.00705289197028662	5476.539083558	1	0.199272994517101
ENSG00000100116	GCAT	TCGA-LUAD	0.00596269265731348	5476.9253333333	1	0.189179976127491
ENSG00000186723	OR10H1	TCGA-LUAD	0.00625077761120083	5477.5946666667	1	0.191367179636174
ENSG00000063854	HAGH	TCGA-LUAD	0.00476163326969854	5478.2727272727	1	0.175685850270662
ENSG00000128052	KDR	TCGA-LUAD	0.00602815069590223	5478.583497053	1	0.18921687971623
ENSG00000107611	CUBN	TCGA-LUAD	0.00509605622019739	5478.6403061224	1	0.178954534763626
ENSG00000104879	CKM	TCGA-LUAD	0.00676303440745412	5478.7135278515	1	0.197229322693112
ENSG00000196188	CTSE	TCGA-LUAD	0.00475520278340925	5480.3700787402	1	0.175685850270662
ENSG00000120306	CYSTM1	TCGA-LUAD	0.00490993038605536	5481.0412371134	1	0.176969857934389
ENSG00000188883	KLRG2	TCGA-LUAD	0.00565381562141596	5481.2907608696	1	0.183737562725125
ENSG00000135541	AHI1	TCGA-LUAD	0.0049460125427364	5481.5420054201	1	0.176969857934389
ENSG00000188558	OR2G6	TCGA-LUAD	0.00622331892471301	5482.7493036212	1	0.191367179636174
ENSG00000134640	MTNR1B	TCGA-LUAD	0.00658466294685357	5483.4412532637	1	0.196799959743146
ENSG00000157823	AP3S2	TCGA-LUAD	0.00603457346547338	5483.7239583333	1	0.18921687971623
ENSG00000033867	SLC4A7	TCGA-LUAD	0.00662079668978609	5484.3324324324	1	0.196799959743146
ENSG00000107187	LHX3	TCGA-LUAD	0.00703664515564854	5484.7795275591	1	0.199272994517101
ENSG00000132376	INPP5K	TCGA-LUAD	0.0069722823321821	5485.0509383378	1	0.199272994517101
ENSG00000076321	KLHL20	TCGA-LUAD	0.00587825139957289	5485.2565445026	1	0.187240968191951
ENSG00000239713	APOBEC3G	TCGA-LUAD	0.00669655696806058	5486.4947916667	1	0.197229322693112
ENSG00000117971	CHRNB4	TCGA-LUAD	0.0066560911681362	5488.5626666667	1	0.196799959743146
ENSG00000256229	ZNF486	TCGA-LUAD	0.00567687031816279	5489.2040816327	1	0.183989812220549
ENSG00000114019	AMOTL2	TCGA-LUAD	0.00665643317182811	5489.2233766234	1	0.196799959743146
ENSG00000139318	DUSP6	TCGA-LUAD	0.00699893662454884	5489.4917582418	1	0.199272994517101
ENSG00000115165	CYTIP	TCGA-LUAD	0.0072156652226452	5489.8411458333	1	0.199902633616311
ENSG00000169032	MAP2K1	TCGA-LUAD	0.00607564980324579	5490.1984282908	1	0.189325858905691
ENSG00000164117	FBXO8	TCGA-LUAD	0.0072196218954518	5490.8154269972	1	0.199902633616311
ENSG00000184995	IFNE	TCGA-LUAD	0.00707693479057899	5492.3854166667	1	0.199272994517101
ENSG00000118193	KIF14	TCGA-LUAD	0.00494447265048301	5492.7033248082	1	0.176969857934389
ENSG00000169570	DTWD2	TCGA-LUAD	0.00678226774842749	5493.0598958333	1	0.197250953683433
ENSG00000102595	UGGT2	TCGA-LUAD	0.00627764812106754	5493.2401055409	1	0.191599549307259
ENSG00000101216	GMEB2	TCGA-LUAD	0.00692457901653258	5495.382278481	1	0.199224357583179
ENSG00000138378	STAT4	TCGA-LUAD	0.0057951848339863	5496.3042394015	1	0.185813003934323
ENSG00000170790	OR10A2	TCGA-LUAD	0.00623950897015366	5496.3274111675	1	0.191367179636174
ENSG00000242950	ERVW-1	TCGA-LUAD	0.00660174721954527	5497.5079365079	1	0.196799959743146
ENSG00000163462	TRIM46	TCGA-LUAD	0.005780512069919	5499.201511335	1	0.185813003934323
ENSG00000181031	RPH3AL	TCGA-LUAD	0.00696753786034641	5500.7978142077	1	0.199272994517101
ENSG00000174527	MYO1H	TCGA-LUAD	0.00545716437490233	5505.0539215686	1	0.180406554377751
ENSG00000006015	C19orf60	TCGA-LUAD	0.00688010086480845	5509.3978779841	1	0.198300070527172
ENSG00000114115	RBP1	TCGA-LUAD	0.00707590702116348	5512.1348600509	1	0.199272994517101
ENSG00000206172	HBA1	TCGA-LUAD	0.00550636674007087	6325.7572559367	1	0.180406554377751
ENSG00000169862	CTNND2	TCGA-LUAD	0.00714409006891169	6328.3228346457	1	0.199824659546276
ENSG00000145949	MYLK4	TCGA-LUAD	0.00710981154252157	6330.0408163265	1	0.199547053328044
ENSG00000163521	GLB1L	TCGA-LUAD	0.00640401030301635	6336.9845360825	1	0.193981096989857
ENSG00000187513	GJA4	TCGA-LUAD	0.00706944859984558	6338.0695187166	1	0.199272994517101
ENSG00000159147	DONSON	TCGA-LUAD	0.00716478088403423	6340.5601092896	1	0.199824659546276
ENSG00000173890	GPR160	TCGA-LUAD	0.00657817317869192	6342.9794871795	1	0.196799959743146
ENSG00000185010	F8	TCGA-LUAD	0.00656283721108087	6345.1015625	1	0.196799959743146
ENSG00000142619	PADI3	TCGA-LUAD	0.00619813547850703	6345.5179487179	1	0.1913555134076
ENSG00000229859	PGA3	TCGA-LUAD	0.00722209589494582	6346.3759791123	1	0.199902633616311
ENSG00000186340	THBS2	TCGA-LUAD	0.00598701301857514	6346.4542857143	1	0.18921687971623
ENSG00000138119	MYOF	TCGA-LUAD	0.00719990743365913	6346.7342465753	1	0.199902633616311
ENSG00000137166	FOXP4	TCGA-LUAD	0.0053369365334014	6347.2334217507	1	0.179887178495849
ENSG00000171295	ZNF440	TCGA-LUAD	0.00642203574707261	6347.4696569921	1	0.194091015447479
ENSG00000102606	ARHGEF7	TCGA-LUAD	0.00542697551241204	6347.5760598504	1	0.180009638174097
ENSG00000072110	ACTN1	TCGA-LUAD	0.00611487803073625	6348.7988980716	1	0.189513999817451
ENSG00000181754	AMIGO1	TCGA-LUAD	0.00673450416725944	6348.8835978836	1	0.197229322693112
ENSG00000092098	RNF31	TCGA-LUAD	0.00539365110320887	6348.9031413613	1	0.179887178495849
ENSG00000120925	RNF170	TCGA-LUAD	0.00643181887492579	6349.0773195876	1	0.194091015447479
ENSG00000137547	MRPL15	TCGA-LUAD	0.00663654312173662	6349.3537234043	1	0.196799959743146
ENSG00000165572	KBTBD6	TCGA-LUAD	0.00683409022636318	6349.5729166667	1	0.198299785147306
ENSG00000109265	KIAA1211	TCGA-LUAD	0.00708763422631522	6350.1048387097	1	0.199272994517101
ENSG00000074356	C17orf85	TCGA-LUAD	0.00687888530403786	6350.3175853018	1	0.198300070527172
ENSG00000168539	CHRM1	TCGA-LUAD	0.00625811444555819	6350.6420765027	1	0.191367179636174
ENSG00000165923	AGBL2	TCGA-LUAD	0.00516622754920296	6350.7639257294	1	0.178954534763626
ENSG00000163520	FBLN2	TCGA-LUAD	0.00527683846879918	6350.9109414758	1	0.179744779389102
ENSG00000205758	CRYZL1	TCGA-LUAD	0.00676192632921979	6352.420212766	1	0.197229322693112
ENSG00000113196	HAND1	TCGA-LUAD	0.00621852910925005	6353.1328125	1	0.191367179636174
ENSG00000167822	OR8J3	TCGA-LUAD	0.00576440500725635	6353.6493150685	1	0.185813003934323
ENSG00000146151	HMGCLL1	TCGA-LUAD	0.00684303481821401	6353.727027027	1	0.198299785147306
ENSG00000121104	FAM117A	TCGA-LUAD	0.00579869907631095	6354.0343915344	1	0.185813003934323
ENSG00000055732	MCOLN3	TCGA-LUAD	0.0060858444950005	6354.1335078534	1	0.189325858905691
ENSG00000163581	SLC2A2	TCGA-LUAD	0.00601004664284774	6354.4653739612	1	0.18921687971623
ENSG00000025039	RRAGD	TCGA-LUAD	0.00639724073265046	6354.920212766	1	0.193981096989857
ENSG00000132563	REEP2	TCGA-LUAD	0.00609701439231606	6355.8737113402	1	0.189325858905691
ENSG00000136936	XPA	TCGA-LUAD	0.00540646555769584	6357.0600522193	1	0.179887178495849
ENSG00000124785	NRN1	TCGA-LUAD	0.00377144598930395	6358.1893939394	1	0.164083452336817
ENSG00000186566	GPATCH8	TCGA-LUAD	0.00493256885715837	6358.3396226415	1	0.176969857934389
ENSG00000101460	MAP1LC3A	TCGA-LUAD	0.00649731821777062	6359.2213333333	1	0.195333233460842
ENSG00000125249	RAP2A	TCGA-LUAD	0.00715272160078906	6359.3688311688	1	0.199824659546276
ENSG00000114113	RBP2	TCGA-LUAD	0.00672136508023745	6359.953002611	1	0.197229322693112
ENSG00000155465	SLC7A7	TCGA-LUAD	0.00519592797561956	6360.3205479452	1	0.178954534763626
ENSG00000213931	HBE1	TCGA-LUAD	0.00363436350658855	6360.7681940701	1	0.16029140586476
ENSG00000125772	GPCPD1	TCGA-LUAD	0.00570202481003784	6360.8855585831	1	0.18418572696247
ENSG00000134873	CLDN10	TCGA-LUAD	0.00568449899472981	6360.9708994709	1	0.183989812220549
ENSG00000122783	C7orf49	TCGA-LUAD	0.00398877995655148	6361.2365591398	1	0.165805016190279
ENSG00000188846	RPL14	TCGA-LUAD	0.00458281817970384	6361.5423728814	1	0.172817633489733
ENSG00000144366	GULP1	TCGA-LUAD	0.00438154283456762	6361.6207792208	1	0.171760111684517
ENSG00000109424	UCP1	TCGA-LUAD	0.00432339468962983	6361.7486486486	1	0.17053508193444
ENSG00000105321	CCDC9	TCGA-LUAD	0.00506495988935812	6363.1178010471	1	0.178709595744517
ENSG00000153046	CDYL	TCGA-LUAD	0.0063828146993657	6364.1025641026	1	0.193981096989857
ENSG00000025293	PHF20	TCGA-LUAD	0.00676831326070998	6364.4986376022	1	0.197229322693112
ENSG00000179889	PDXDC1	TCGA-LUAD	0.00648392772542637	6364.5150684932	1	0.195296389688546
ENSG00000198758	EPS8L3	TCGA-LUAD	0.00477516004482818	6366.2764227642	1	0.175685850270662
ENSG00000155760	FZD7	TCGA-LUAD	0.00488766762754947	6367.3007915567	1	0.176969857934389
ENSG00000157765	SLC34A2	TCGA-LUAD	0.00583986196130952	6367.864265928	1	0.186387960093167
ENSG00000167676	PLIN4	TCGA-LUAD	0.00390982661646153	6368.8203753351	1	0.165804001961916
ENSG00000084073	ZMPSTE24	TCGA-LUAD	0.00333507727475094	6369.5577889447	1	0.154917431548425
ENSG00000178498	DTX3	TCGA-LUAD	0.00676923861990188	6370.1201117318	1	0.197229322693112
ENSG00000107758	PPP3CB	TCGA-LUAD	0.00454584163284666	6371.3551912568	1	0.172817633489733
ENSG00000166920	C15orf48	TCGA-LUAD	0.00287749611779792	6371.3697916667	1	0.14698614661262
ENSG00000022556	NLRP2	TCGA-LUAD	0.00387791764683794	6372.0595854922	1	0.165804001961916
ENSG00000182752	PAPPA	TCGA-LUAD	0.00602178551664967	6372.2156862745	1	0.18921687971623
ENSG00000204070	SYS1	TCGA-LUAD	0.00388978034931174	6372.445026178	1	0.165804001961916
ENSG00000260272	RP11-20I23.1	TCGA-LUAD	0.00391783052047096	6373.0559796438	1	0.165804001961916
ENSG00000014641	MDH1	TCGA-LUAD	0.00346539260561999	6373.5132978723	1	0.15760173623406
ENSG00000233050	DEFB130	TCGA-LUAD	0.00512599092701108	6373.5157894737	1	0.178954534763626
ENSG00000254685	FPGT	TCGA-LUAD	0.00379026150944621	6374.0159574468	1	0.164456373709863
ENSG00000008283	CYB561	TCGA-LUAD	0.00536907884540852	6375.1909814324	1	0.179887178495849
ENSG00000111536	IL26	TCGA-LUAD	0.00446113333353853	6375.4340659341	1	0.172161140713047
ENSG00000125434	SLC25A35	TCGA-LUAD	0.00367803952171669	6375.6487179487	1	0.161331274539999
ENSG00000204479	PRAMEF17	TCGA-LUAD	0.00541189753616203	6376.3938547486	1	0.179887178495849
ENSG00000114573	ATP6V1A	TCGA-LUAD	0.00431085091852322	6376.6493506494	1	0.170459114891556
ENSG00000162813	BPNT1	TCGA-LUAD	0.00524678294997561	6376.8	1	0.179406074018662
ENSG00000167670	CHAF1A	TCGA-LUAD	0.00348528844079467	6377.5079787234	1	0.157963172774459
ENSG00000255730	CTC-435M10.3	TCGA-LUAD	0.0048450991166817	6379.4679144385	1	0.176780048225473
ENSG00000269964	MEI4	TCGA-LUAD	0.00447906982888297	6379.5278514589	1	0.17243881782467
ENSG00000079974	RABL2B	TCGA-LUAD	0.00459024819122996	6379.576819407	1	0.172817633489733
ENSG00000179833	SERTAD2	TCGA-LUAD	0.00389983835380207	6379.8918205805	1	0.165804001961916
ENSG00000144228	SPOPL	TCGA-LUAD	0.00675323128463249	6380.2837837838	1	0.197229322693112
ENSG00000278139	P3R3URF-PIK3R3	TCGA-LUAD	0.00400724718337038	6380.5105263158	1	0.165805016190279
ENSG00000151461	UPF2	TCGA-LUAD	0.00403558202824478	6380.6457765668	1	0.165839254359008
ENSG00000181192	DHTKD1	TCGA-LUAD	0.00403850415048528	6381.1752021563	1	0.165839254359008
ENSG00000120549	KIAA1217	TCGA-LUAD	0.00549998276052606	6382.2351351351	1	0.180406554377751
ENSG00000160113	NR2F6	TCGA-LUAD	0.00443229021380755	6382.4775725594	1	0.171874364957648
ENSG00000203877	RIPPLY2	TCGA-LUAD	0.00281102680536136	6382.7595907928	1	0.14698614661262
ENSG00000134313	KIDINS220	TCGA-LUAD	0.00536276771906508	6382.7715053763	1	0.179887178495849
ENSG00000187658	C5orf52	TCGA-LUAD	0.00504074763179025	6383.3324396783	1	0.178709595744517
ENSG00000168275	COA6	TCGA-LUAD	0.00395195876605876	6383.7219251337	1	0.165804001961916
ENSG00000188394	GPR21	TCGA-LUAD	0.00492995917853419	6383.9406779661	1	0.176969857934389
ENSG00000182287	AP1S2	TCGA-LUAD	0.00315915931442277	6384.2345013477	1	0.151327581933668
ENSG00000173809	TDRD12	TCGA-LUAD	0.00359114709338902	6386.7418478261	1	0.15899093311887
ENSG00000100206	DMC1	TCGA-LUAD	0.00288167991051213	6386.8047493404	1	0.14698614661262
ENSG00000185760	KCNQ5	TCGA-LUAD	0.00418144746294827	6386.8232189974	1	0.167884076441477
ENSG00000167914	GSDMA	TCGA-LUAD	0.00329063350695089	6387.3066666667	1	0.15438535181707
ENSG00000114686	MRPL3	TCGA-LUAD	0.00335812047955972	6387.4054054054	1	0.154917431548425
ENSG00000149295	DRD2	TCGA-LUAD	0.00414517240978699	6387.5202156334	1	0.167436558981079
ENSG00000166704	ZNF606	TCGA-LUAD	0.00394078312981298	6387.9248704663	1	0.165804001961916
ENSG00000168748	CA7	TCGA-LUAD	0.00413677765706771	6388.4203296703	1	0.167436558981079
ENSG00000008952	SEC62	TCGA-LUAD	0.0046722433221743	6389.6242937853	1	0.174032933397184
ENSG00000127837	AAMP	TCGA-LUAD	0.00316665273928359	6390.4881266491	1	0.151327581933668
ENSG00000110274	CEP164	TCGA-LUAD	0.00564587412569642	6390.589673913	1	0.183737562725125
ENSG00000160460	SPTBN4	TCGA-LUAD	0.00371723612438504	6391.3634020619	1	0.162164425926297
ENSG00000100364	KIAA0930	TCGA-LUAD	0.0042628624624294	6391.3973333333	1	0.17023879097473
ENSG00000082293	COL19A1	TCGA-LUAD	0.00267199912679581	6391.5255102041	1	0.146192248469533
ENSG00000132464	ENAM	TCGA-LUAD	0.00306751481830739	6392.2677165354	1	0.151327581933668
ENSG00000169484	OR4K14	TCGA-LUAD	0.00322837741995018	6392.544973545	1	0.152886050442124
ENSG00000172824	CES4A	TCGA-LUAD	0.00475810838192688	6392.6954177898	1	0.175685850270662
ENSG00000137106	GRHPR	TCGA-LUAD	0.00459655721316282	6393.4611260054	1	0.172817633489733
ENSG00000253626	EIF5AL1	TCGA-LUAD	0.00469825918767517	6393.5158730159	1	0.174596881941984
ENSG00000156398	SFXN2	TCGA-LUAD	0.00313711864434252	6394.6432291667	1	0.151327581933668
ENSG00000100439	ABHD4	TCGA-LUAD	0.00271367198479637	6394.8605898123	1	0.146192248469533
ENSG00000178084	HTR3C	TCGA-LUAD	0.00397623899061527	6395.144772118	1	0.165804001961916
ENSG00000131263	RLIM	TCGA-LUAD	0.00142653039701786	6395.2610966057	1	0.122468016009223
ENSG00000162006	MSLNL	TCGA-LUAD	0.00208384447781161	6395.4871794872	1	0.134168533920215
ENSG00000164949	GEM	TCGA-LUAD	0.00235531539282778	6395.7906976744	1	0.143631262203595
ENSG00000175600	SUGCT	TCGA-LUAD	0.00385716010990421	6396.6987012987	1	0.165804001961916
ENSG00000114626	ABTB1	TCGA-LUAD	0.00335651641854029	6396.9013333333	1	0.154917431548425
ENSG00000213030	CGB8	TCGA-LUAD	0.00298088573363308	6397.3396226415	1	0.150016111497635
ENSG00000110700	RPS13	TCGA-LUAD	0.00243272588553639	6397.8067010309	1	0.143631262203595
ENSG00000187634	SAMD11	TCGA-LUAD	0.00312574295170292	6398.189701897	1	0.151327581933668
ENSG00000136110	LECT1	TCGA-LUAD	0.0044107016765691	6398.7071823204	1	0.171867487173884
ENSG00000155269	GPR78	TCGA-LUAD	0.00302604469909134	6399.1062176166	1	0.151327581933668
ENSG00000166508	MCM7	TCGA-LUAD	0.00160990206956278	6399.5454545455	1	0.129401853918165
ENSG00000118777	ABCG2	TCGA-LUAD	0.00199238973028245	6400.4814814815	1	0.131628908353722
ENSG00000145649	GZMA	TCGA-LUAD	0.00206196563872106	6400.953125	1	0.134019418477846
ENSG00000172687	ZNF738	TCGA-LUAD	0.00279294719362408	6402.7733333333	1	0.14698614661262
ENSG00000122126	OCRL	TCGA-LUAD	0.00354510431268659	6402.9359331476	1	0.158975152614163
ENSG00000111615	KRR1	TCGA-LUAD	0.00238683054073524	6404.1893333333	1	0.143631262203595
ENSG00000112041	TULP1	TCGA-LUAD	0.0028407632323779	6406.0025125628	1	0.14698614661262
ENSG00000176974	SHMT1	TCGA-LUAD	0.00241187504629922	6406.4699738903	1	0.143631262203595
ENSG00000126261	UBA2	TCGA-LUAD	0.00281269723309334	6406.8625954198	1	0.14698614661262
ENSG00000072694	FCGR2B	TCGA-LUAD	0.002460269773639	6407.1032608696	1	0.143631262203595
ENSG00000102805	CLN5	TCGA-LUAD	0.00317661611508945	6408.34375	1	0.151327581933668
ENSG00000168661	ZNF30	TCGA-LUAD	0.00449766975945054	6408.9671232877	1	0.172740646694304
ENSG00000150750	C11orf53	TCGA-LUAD	0.00243455095768998	6409.2172774869	1	0.143631262203595
ENSG00000111962	UST	TCGA-LUAD	0.00210298989722732	6409.3172043011	1	0.134507568964492
ENSG00000130943	PKDREJ	TCGA-LUAD	0.0024305857442079	6409.4352331606	1	0.143631262203595
ENSG00000162522	KIAA1522	TCGA-LUAD	0.00286290128105347	6409.4685863874	1	0.14698614661262
ENSG00000171858	RPS21	TCGA-LUAD	0.00359497375869876	6409.8087431694	1	0.15899093311887
ENSG00000134716	CYP2J2	TCGA-LUAD	0.00277500691498387	6409.9105691057	1	0.14698614661262
ENSG00000244617	ASPRV1	TCGA-LUAD	0.00252032251172878	6411.7380952381	1	0.143631262203595
ENSG00000144230	GPR17	TCGA-LUAD	0.00195670112357801	6412.5412371134	1	0.130327235742505
ENSG00000113140	SPARC	TCGA-LUAD	0.00152393490026056	6413.5065963061	1	0.127705108507924
ENSG00000186517	ARHGAP30	TCGA-LUAD	0.00284599698703431	6415.4694444444	1	0.14698614661262
ENSG00000188312	CENPP	TCGA-LUAD	0.00310007736438174	6415.5945945946	1	0.151327581933668
ENSG00000133142	TCEAL4	TCGA-LUAD	0.00176331242595976	6416.0446194226	1	0.130327235742505
ENSG00000048471	SNX29	TCGA-LUAD	0.00196456902016234	6416.1763157895	1	0.130327235742505
ENSG00000183475	ASB7	TCGA-LUAD	0.00193080842051461	6416.2710997442	1	0.130327235742505
ENSG00000125954	CHURC1-FNTB	TCGA-LUAD	0.00255027090775535	6416.701897019	1	0.143631262203595
ENSG00000095970	TREM2	TCGA-LUAD	0.0016914703492659	6419.1067708333	1	0.130327235742505
ENSG00000103269	RHBDL1	TCGA-LUAD	0.00315673456286725	6419.3162162162	1	0.151327581933668
ENSG00000122824	NUDT10	TCGA-LUAD	0.00194803759649388	6419.4760638298	1	0.130327235742505
ENSG00000139200	PIANP	TCGA-LUAD	0.00248736480879209	6419.7638483965	1	0.143631262203595
ENSG00000234444	ZNF736	TCGA-LUAD	0.0026347450506044	6419.8238482385	1	0.14508447736603
ENSG00000165416	SUGT1	TCGA-LUAD	0.00224194226580358	6420.0165289256	1	0.140047241771248
ENSG00000117069	ST6GALNAC5	TCGA-LUAD	0.0024162765466987	6420.4444444444	1	0.143631262203595
ENSG00000225190	PLEKHM1	TCGA-LUAD	0.0016821042781563	6420.6631299735	1	0.130327235742505
ENSG00000178522	AMBN	TCGA-LUAD	0.00133603386764663	6420.976744186	1	0.120195676436221
ENSG00000100490	CDKL1	TCGA-LUAD	0.00270656877133197	6421.9540229885	1	0.146192248469533
ENSG00000139620	KANSL2	TCGA-LUAD	0.0022941219728113	6422.9946666667	1	0.142751295160902
ENSG00000118004	COLEC11	TCGA-LUAD	0.00252068938863571	6423.3850415512	1	0.143631262203595
ENSG00000157017	GHRL	TCGA-LUAD	0.00287957735456693	6423.5534759358	1	0.14698614661262
ENSG00000004399	PLXND1	TCGA-LUAD	0.00256768982475554	6423.7683923706	1	0.143631262203595
ENSG00000173786	CNP	TCGA-LUAD	0.00253538333519507	6424.1559139785	1	0.143631262203595
ENSG00000152254	G6PC2	TCGA-LUAD	0.00170566375418988	6424.2697201018	1	0.130327235742505
ENSG00000175806	MSRA	TCGA-LUAD	0.00161685287421688	6425.08033241	1	0.129401853918165
ENSG00000132514	CLEC10A	TCGA-LUAD	0.00208933184751798	6425.2236842105	1	0.134168533920215
ENSG00000121895	TMEM156	TCGA-LUAD	0.00183239589241078	6425.4769230769	1	0.130327235742505
ENSG00000177707	PVRL3	TCGA-LUAD	0.00249798498635576	6425.9057591623	1	0.143631262203595
ENSG00000280433	FP565260.6	TCGA-LUAD	0.00256149288214345	6426.0889487871	1	0.143631262203595
ENSG00000115355	CCDC88A	TCGA-LUAD	0.00134406902852561	6427.1705426357	1	0.120195676436221
ENSG00000169813	HNRNPF	TCGA-LUAD	0.00218965386553129	6428.1684491979	1	0.137853737871527
ENSG00000170929	OR1M1	TCGA-LUAD	0.00187869987378096	6428.8438287154	1	0.130327235742505
ENSG00000158604	TMED4	TCGA-LUAD	0.00256049403413424	6429.1275362319	1	0.143631262203595
ENSG00000152749	GPR180	TCGA-LUAD	0.00162014280787038	6430.6402116402	1	0.129401853918165
ENSG00000145337	PYURF	TCGA-LUAD	0.0014407063046432	6430.8235294118	1	0.12302712241884
ENSG00000250510	GPR162	TCGA-LUAD	0.00286276685462637	6431.1727019499	1	0.14698614661262
ENSG00000230549	USP17L1P	TCGA-LUAD	0.00165257379820529	6431.3367346939	1	0.130327235742505
ENSG00000076067	RBMS2	TCGA-LUAD	0.00109729647190917	6432.4673629243	1	0.113651597161483
ENSG00000101189	MRGBP	TCGA-LUAD	0.00107062614442405	6433.5779569892	1	0.112398919030773
ENSG00000155111	CDK19	TCGA-LUAD	0.00297121904357266	6433.7840909091	1	0.14999984441986
ENSG00000149136	SSRP1	TCGA-LUAD	0.00177094687352228	6434.4905149051	1	0.130327235742505
ENSG00000080166	DCT	TCGA-LUAD	0.00173699656474859	6434.7298050139	1	0.130327235742505
ENSG00000121057	AKAP1	TCGA-LUAD	0.00176741108814332	6434.7424657534	1	0.130327235742505
ENSG00000139540	SLC39A5	TCGA-LUAD	0.00165929223407836	6434.9893333333	1	0.130327235742505
ENSG00000169327	OR5AU1	TCGA-LUAD	0.00151992372803582	6436.2699228792	1	0.127705108507924
ENSG00000169397	RNASE3	TCGA-LUAD	0.00186847484232216	6437.3725490196	1	0.130327235742505
ENSG00000140090	SLC24A4	TCGA-LUAD	0.0010238955165028	6437.8835978836	1	0.111324469410871
ENSG00000023734	STRAP	TCGA-LUAD	0.00152730664217774	6438.8075880759	1	0.127705108507924
ENSG00000144224	UBXN4	TCGA-LUAD	0.00130234080251494	6442.2786885246	1	0.120195676436221
ENSG00000145495	MARCH6	TCGA-LUAD	0.00141227016565384	6442.2915531335	1	0.122105039397306
ENSG00000248905	FMN1	TCGA-LUAD	0.0013463290533814	6442.9421052632	1	0.120195676436221
ENSG00000123737	EXOSC9	TCGA-LUAD	0.00120071510873752	6444.5842391304	1	0.116825941549528
ENSG00000134909	ARHGAP32	TCGA-LUAD	0.00112841711078246	6445.299734748	1	0.113759777995982
ENSG00000131969	ABHD12B	TCGA-LUAD	0.00129245586303472	6445.7739361702	1	0.120195676436221
ENSG00000255552	LY6G6E	TCGA-LUAD	0.00128270261350525	6445.8346456693	1	0.120195676436221
ENSG00000140265	ZSCAN29	TCGA-LUAD	0.00139911952161517	6447.0331491713	1	0.122105039397306
ENSG00000158850	B4GALT3	TCGA-LUAD	0.00105182966370809	6447.6576819407	1	0.111828300802448
ENSG00000035862	TIMP2	TCGA-LUAD	0.00193292259799168	6448.9943019943	1	0.130327235742505
ENSG00000111644	ACRBP	TCGA-LUAD	0.00155799219124627	6449.660326087	1	0.129401853918165
ENSG00000132906	CASP9	TCGA-LUAD	0.00131761787505728	6450	1	0.120195676436221
ENSG00000170113	NIPA1	TCGA-LUAD	0.00158506169895695	6451.5799457995	1	0.129401853918165
ENSG00000141480	ARRB2	TCGA-LUAD	0.00097042758639536	6452.8794520548	1	0.106707153917747
ENSG00000145029	NICN1	TCGA-LUAD	0.00111574527943175	6453.074270557	1	0.113759777995982
ENSG00000198918	RPL39	TCGA-LUAD	0.00134634458886107	6454.8238482385	1	0.120195676436221
ENSG00000186352	ANKRD37	TCGA-LUAD	0.00113377130181619	6454.8267045455	1	0.113759777995982
ENSG00000083123	BCKDHB	TCGA-LUAD	0.00136649919013108	6458.5647668394	1	0.121203193361129
ENSG00000105205	CLC	TCGA-LUAD	0.000710234848649292	6459.2941176471	1	0.0904929385731407
ENSG00000183474	GTF2H2C	TCGA-LUAD	0.000835747621646864	6460.9347258486	1	0.10088039336781
ENSG00000176136	MC5R	TCGA-LUAD	0.000881833004406963	6461.4158163265	1	0.103335379947076
ENSG00000127507	EMR2	TCGA-LUAD	0.00174165317648695	6462.2601626016	1	0.130327235742505
ENSG00000255150	EID3	TCGA-LUAD	0.000920150516713632	6465.0839895013	1	0.104028847854371
ENSG00000227268	KLLN	TCGA-LUAD	0.000935625788594568	6465.4189189189	1	0.105038716154526
ENSG00000138356	AOX1	TCGA-LUAD	0.000903343365525233	6467.0135501355	1	0.104028847854371
ENSG00000175793	SFN	TCGA-LUAD	0.00115254717929974	6467.510989011	1	0.114925418735889
ENSG00000177692	DNAJC28	TCGA-LUAD	0.00102628762132858	6467.731092437	1	0.111324469410871
ENSG00000130733	YIPF2	TCGA-LUAD	0.00107119936537364	6469.5182072829	1	0.112398919030773
ENSG00000177374	HIC1	TCGA-LUAD	0.000747413466028874	6469.5751978892	1	0.0922998137202119
ENSG00000081189	MEF2C	TCGA-LUAD	0.000619141023938605	6472.7826086957	1	0.0891955275786236
ENSG00000023697	DERA	TCGA-LUAD	0.00104508587953364	6473.7884615385	1	0.111828300802448
ENSG00000236637	IFNA4	TCGA-LUAD	0.000958433056980638	6475.28	1	0.106115064115636
ENSG00000134779	TPGS2	TCGA-LUAD	0.00113185322678976	6478.3315508021	1	0.113759777995982
ENSG00000130783	CCDC62	TCGA-LUAD	0.000744355921486916	6482.6972972973	1	0.0922998137202119
ENSG00000136867	SLC31A2	TCGA-LUAD	0.000679770068794774	6484.9376623377	1	0.090305624138675
ENSG00000278685	IQCA1L	TCGA-LUAD	0.000912989556351821	6486.2907608696	1	0.104028847854371
ENSG00000167468	GPX4	TCGA-LUAD	0.000688274744746323	6489.1662269129	1	0.090305624138675
ENSG00000186834	HEXIM1	TCGA-LUAD	0.000608694080944648	6490.4346666667	1	0.0888361343225944
ENSG00000186020	ZNF529	TCGA-LUAD	0.000579910795005667	6490.4832904884	1	0.0870082981590746
ENSG00000124251	TP53TG5	TCGA-LUAD	0.000907059426351937	6491.0831024931	1	0.104028847854371
ENSG00000147041	SYTL5	TCGA-LUAD	0.000957608969551726	6493.5244565217	1	0.106115064115636
ENSG00000128242	GAL3ST1	TCGA-LUAD	0.000701006881615168	6495.8635097493	1	0.090305624138675
ENSG00000278522	POTEB3	TCGA-LUAD	0.000695099837222953	6496.2624309392	1	0.090305624138675
ENSG00000006007	GDE1	TCGA-LUAD	0.000360279646287504	6498.5303867403	1	0.0680462287235245
ENSG00000071575	TRIB2	TCGA-LUAD	0.000459304680993573	6499.8276762402	1	0.0768091390486544
ENSG00000224712	NPIPA3	TCGA-LUAD	0.000493176038527208	6501.3100558659	1	0.079174481225158
ENSG00000143761	ARF1	TCGA-LUAD	0.000694335508694953	6504.6937669377	1	0.090305624138675
ENSG00000164400	CSF2	TCGA-LUAD	0.000868021347281576	6506.2034883721	1	0.102464814038665
ENSG00000111224	PARP11	TCGA-LUAD	0.000298086150724831	6512.746031746	1	0.0630518737087236
ENSG00000132341	RAN	TCGA-LUAD	0.000487952165522006	6516.1968085106	1	0.079127111770609
ENSG00000131620	ANO1	TCGA-LUAD	0.000407910787447499	6517.8351648352	1	0.0727622197964683
ENSG00000125356	NDUFA1	TCGA-LUAD	0.00050186614254002	6523.2547945205	1	0.0797331167231259
ENSG00000198681	MAGEA1	TCGA-LUAD	0.000368210323676035	6523.5396825397	1	0.068161588945712
ENSG00000161249	DMKN	TCGA-LUAD	0.000348372724661201	6524.9214659686	1	0.0673519692185143
ENSG00000133321	RARRES3	TCGA-LUAD	0.000506588881634412	6528.3224043716	1	0.0797331167231259
ENSG00000141576	RNF157	TCGA-LUAD	0.000174303499622432	6533.425	1	0.0445974686215802
ENSG00000197461	PDGFA	TCGA-LUAD	0.000110988231074607	6537.197260274	1	0.032396455666759
ENSG00000180871	CXCR2	TCGA-LUAD	0.000192007339596876	6543.782967033	1	0.0467043307558825
ENSG00000143412	ANXA9	TCGA-LUAD	9.64369935012521e-05	6549.5418848168	1	0.0309050155732524
ENSG00000157483	MYO1E	TCGA-LUAD	9.07903431201942e-05	6561.5493333333	1	0.0303655868427416
ENSG00000205476	CCDC85C	TCGA-LUAD	0.000175011867644173	6567.5345744681	1	0.0445974686215802
ENSG00000135002	RFK	TCGA-LUAD	8.25635552973672e-05	6567.8333333333	1	0.0294550070387541
ENSG00000184611	KCNH7	TCGA-LUAD	6.48283221846465e-05	6574.10626703	1	0.0249021667661485
ENSG00000130511	SSBP4	TCGA-LUAD	0.000136423095588394	6579.2234042553	1	0.0377609720099325
ENSG00000172016	REG3A	TCGA-LUAD	8.76130599337631e-05	6585.1871657754	1	0.0303655868427416
ENSG00000102189	EEA1	TCGA-LUAD	5.70573904805107e-05	6595.3047091413	0.913831165935859	0.0234871627377979
ENSG00000133028	SCO1	TCGA-LUAD	5.43037125332192e-05	6598.9073569482	0.869782563644571	0.0229418895002184
ENSG00000140400	MAN2C1	TCGA-LUAD	2.02589889567294e-05	6604.3846153846	0.324711074998459	0.0120458447670864
ENSG00000095794	CREM	TCGA-LUAD	4.56949005000108e-05	6611.8840206186	0.732032306010174	0.0209595980750621
ENSG00000136488	CSH1	TCGA-LUAD	1.18033139725058e-05	6679.2436548223	0.189218926293241	0.00789543343810868
