ENSG00000152217	SETBP1	TCGA-KIRC	2.27097048931962e-24	3412.5498154982	3.64240956781973e-20	3.64240956781973e-20
ENSG00000121879	PIK3CA	TCGA-KIRC	2.29589655154126e-21	3607.5051903114	3.68215888936188e-17	1.84119423950852e-17
ENSG00000149311	ATM	TCGA-KIRC	2.76746117302035e-18	3697.8134328358	4.43790073705544e-14	1.10968274385184e-14
ENSG00000141510	TP53	TCGA-KIRC	2.30380948683031e-19	3699.5567765568	3.69461927402976e-15	1.23169334530904e-15
ENSG00000138698	RAP1GDS1	TCGA-KIRC	5.34645399978362e-18	3718.5	8.57303898865303e-14	1.71503551405059e-14
ENSG00000134086	VHL	TCGA-KIRC	9.92281408192343e-17	3747.1776061776	1.59092478175478e-12	2.27360021514243e-13
ENSG00000181555	SETD2	TCGA-KIRC	5.53659853275719e-17	3823.3874538745	8.87738208742287e-13	1.48002506444821e-13
ENSG00000163939	PBRM1	TCGA-KIRC	2.28625306456774e-16	3886.9819494585	3.66509228780854e-12	4.074356989178e-13
ENSG00000125952	MAX	TCGA-KIRC	1.49171424780677e-16	3907.0553633218	2.39151628208381e-12	2.99070060257159e-13
ENSG00000055609	KMT2C	TCGA-KIRC	1.88870735343297e-15	3929.5660377358	3.0274090168177e-11	2.75390702197376e-12
ENSG00000147889	CDKN2A	TCGA-KIRC	1.42260614201439e-15	3958.6493055556	2.28043764564907e-11	2.28171799117688e-12
ENSG00000168702	LRP1B	TCGA-KIRC	6.54615053855711e-15	3976.9087591241	1.04921700831993e-10	8.74947570732645e-12
ENSG00000197548	ATG7	TCGA-KIRC	8.53189615612208e-15	4038.8287671233	1.36740699694169e-10	1.05263909575417e-11
ENSG00000115524	SF3B1	TCGA-KIRC	1.18328852459813e-14	4052.7490636704	1.89633818952096e-10	1.35562604614496e-11
ENSG00000171862	PTEN	TCGA-KIRC	7.53646101897727e-13	4127.463878327	1.20749178446054e-08	6.71540546018758e-10
ENSG00000079999	KEAP1	TCGA-KIRC	1.61360025490466e-13	4130.6801470588	2.58563304845922e-09	1.61753340552599e-10
ENSG00000101972	STAG2	TCGA-KIRC	1.35780138649139e-13	4171.8260869565	2.17587672185245e-09	1.45185176252903e-10
ENSG00000196712	NF1	TCGA-KIRC	6.5154654666605e-12	4183.5257352941	1.04377756775901e-07	5.22507753098839e-09
ENSG00000065526	SPEN	TCGA-KIRC	3.3590735973658e-11	4226.7310606061	5.37989227354106e-07	2.24484089283959e-08
ENSG00000171456	ASXL1	TCGA-KIRC	4.05671485078172e-13	4239.2252559727	6.50007420540755e-09	3.82739114656988e-10
ENSG00000198793	MTOR	TCGA-KIRC	3.3662882808156e-12	4250.6120996441	5.39313045469467e-08	2.8416788282106e-09
ENSG00000105976	MET	TCGA-KIRC	2.06340837329643e-11	4255.2624113475	3.30496119150889e-07	1.43891334344789e-08
ENSG00000163930	BAP1	TCGA-KIRC	1.07676389546775e-11	4280.0989399293	1.72486808414978e-07	8.22391243781294e-09
ENSG00000186575	NF2	TCGA-KIRC	7.64233692180342e-11	4281.0563909774	1.2238438346576e-06	4.71444007264635e-08
ENSG00000153201	RANBP2	TCGA-KIRC	4.66300818840553e-11	4347.5729537367	7.46780761373145e-07	2.99159953335345e-08
ENSG00000126012	KDM5C	TCGA-KIRC	6.80370670815307e-10	4364.3655172414	1.08947755517655e-05	4.04165377378026e-07
ENSG00000117713	ARID1A	TCGA-KIRC	1.77843915041655e-11	4372.4405594406	2.84870383113723e-07	1.29656297879687e-08
ENSG00000136560	TANK	TCGA-KIRC	1.42052824156492e-06	4960.6976744186	0.0227454982039375	0.000813709016659275
ENSG00000013016	EHD3	TCGA-KIRC	2.11366605551828e-05	5043.1641221374	0.338313388846255	0.00997090878366401
ENSG00000180287	PLD5	TCGA-KIRC	2.24035283513928e-05	5059.2549019608	0.358568471264042	0.0102439813969307
ENSG00000131437	KIF3A	TCGA-KIRC	6.7030289514648e-05	5089.5219123506	1	0.027566636244242
ENSG00000062582	MRPS24	TCGA-KIRC	0.000147738907888386	5108.9504132231	1	0.0473916868724365
ENSG00000179776	CDH5	TCGA-KIRC	0.000153480287650626	5113.5685483871	1	0.0481335623956617
ENSG00000120693	SMAD9	TCGA-KIRC	0.000196825769232321	5120.5677966102	1	0.0544291122882276
ENSG00000127863	TNFRSF19	TCGA-KIRC	6.51704040002835e-05	5125.2384615385	1	0.0275070555200144
ENSG00000121766	ZCCHC17	TCGA-KIRC	0.000225838888395457	5126.3843137255	1	0.0574957131900753
ENSG00000132837	DMGDH	TCGA-KIRC	7.69154021615842e-05	5131.8047808765	1	0.0293725270302297
ENSG00000101746	NOL4	TCGA-KIRC	0.000156053696899707	5134.7760617761	1	0.0481335623956617
ENSG00000004799	PDK4	TCGA-KIRC	0.000145722882554472	5140.4232365145	1	0.0473916868724365
ENSG00000140575	IQGAP1	TCGA-KIRC	0.000280253373489943	5146.2076271186	1	0.06243033135285
ENSG00000186603	HPDL	TCGA-KIRC	0.000290748993050443	5155.6558704453	1	0.0638811383498089
ENSG00000114270	COL7A1	TCGA-KIRC	7.53230056998385e-05	5157.46875	1	0.0293725270302297
ENSG00000139797	RNF113B	TCGA-KIRC	9.09162746746288e-05	5166.6832061069	1	0.0339117704536365
ENSG00000166927	MS4A7	TCGA-KIRC	0.000184930360888097	5170.1284046693	1	0.0529695822089117
ENSG00000185156	MFSD6L	TCGA-KIRC	0.000566868264163141	5172.6582278481	1	0.0967234052011981
ENSG00000117594	HSD11B1	TCGA-KIRC	0.000611673476241724	5177.5194805195	1	0.0971349592617921
ENSG00000109991	P2RX3	TCGA-KIRC	0.000263704197842201	5178.008	1	0.06243033135285
ENSG00000113905	HRG	TCGA-KIRC	0.000559557053984224	5192.572	1	0.0965025332134728
ENSG00000138074	SLC5A6	TCGA-KIRC	0.000274652813763071	5197.410041841	1	0.06243033135285
ENSG00000137251	TINAG	TCGA-KIRC	0.000472491594799634	5208.6015037594	1	0.0924182035242845
ENSG00000037749	MFAP3	TCGA-KIRC	0.000266533194547944	5210.7954545455	1	0.06243033135285
ENSG00000234560	OR10G8	TCGA-KIRC	0.000671810512700353	5210.8924302789	1	0.101652535973594
ENSG00000260903	XKR7	TCGA-KIRC	0.000522770883250651	5214.3643724696	1	0.0958607916675583
ENSG00000236027	PATE3	TCGA-KIRC	0.000724059116531694	5214.3723849372	1	0.104623280811278
ENSG00000169442	CD52	TCGA-KIRC	0.000527103124618507	5221.463878327	1	0.0958607916675583
ENSG00000167123	CERCAM	TCGA-KIRC	0.000543372878360397	5222.3405172414	1	0.0958607916675583
ENSG00000123685	BATF3	TCGA-KIRC	0.000944254961901955	5226.2222222222	1	0.118482205344281
ENSG00000137478	FCHSD2	TCGA-KIRC	0.000688188037206882	5226.288973384	1	0.103157457278142
ENSG00000198807	PAX9	TCGA-KIRC	0.00103793376057399	5228.3957446809	1	0.122407496954752
ENSG00000130294	KIF1A	TCGA-KIRC	0.000452577227908314	5231.2528301887	1	0.0918846349167271
ENSG00000126545	CSN1S1	TCGA-KIRC	0.000879173022618878	5231.9057377049	1	0.118482205344281
ENSG00000003400	CASP10	TCGA-KIRC	0.00057530412363993	5232.6108786611	1	0.0971295035690615
ENSG00000188691	RP11-451K18.7	TCGA-KIRC	0.00109447754370823	5234.0854700855	1	0.124436404346452
ENSG00000189369	GSPT2	TCGA-KIRC	0.000548173797425629	5234.6070038911	1	0.0958607916675583
ENSG00000165804	ZNF219	TCGA-KIRC	0.000716442010719392	5235.8170731707	1	0.104463758272076
ENSG00000167791	CABP2	TCGA-KIRC	0.00079020270099095	5236.5951417004	1	0.111175974747314
ENSG00000104419	NDRG1	TCGA-KIRC	0.000415413991145897	5238.1098484848	1	0.0873862030888876
ENSG00000144182	LIPT1	TCGA-KIRC	0.00060129043852496	5240.7008196721	1	0.0971349592617921
ENSG00000177697	CD151	TCGA-KIRC	0.00069984438001112	5241.843373494	1	0.103351730056109
ENSG00000088538	DOCK3	TCGA-KIRC	0.00138856981152062	5244.3893442623	1	0.132006680092074
ENSG00000177300	CLDN22	TCGA-KIRC	0.000598467168134062	5246.374501992	1	0.0971349592617921
ENSG00000023228	NDUFS1	TCGA-KIRC	0.000739400601811076	5247.5657370518	1	0.105886127253999
ENSG00000129691	ASH2L	TCGA-KIRC	0.000954250687779736	5248.032	1	0.11864516884728
ENSG00000112655	PTK7	TCGA-KIRC	0.00157533900614967	5249.7357723577	1	0.136583631175894
ENSG00000174010	KLHL15	TCGA-KIRC	0.000600670143438505	5251.1752988048	1	0.0971349592617921
ENSG00000150782	IL18	TCGA-KIRC	0.0010903754915029	5256.0588235294	1	0.124436404346452
ENSG00000175520	UBQLN3	TCGA-KIRC	0.00202227888949058	5256.9294605809	1	0.146105095083511
ENSG00000105088	OLFM2	TCGA-KIRC	0.00186284664157653	5257.3185483871	1	0.144622631089726
ENSG00000124257	NEURL2	TCGA-KIRC	0.00151463015001931	5257.8947368421	1	0.136583631175894
ENSG00000068323	TFE3	TCGA-KIRC	0.000903032054955275	5258.9027237354	1	0.118482205344281
ENSG00000171017	LRRC8E	TCGA-KIRC	0.00129874370871777	5259.1875	1	0.132006680092074
ENSG00000071909	MYO3B	TCGA-KIRC	0.00152418109661374	5259.6302521008	1	0.136583631175894
ENSG00000078725	BRINP1	TCGA-KIRC	0.00138366240107699	5261.531496063	1	0.132006680092074
ENSG00000145287	PLAC8	TCGA-KIRC	0.000599922099734081	5261.8622047244	1	0.0971349592617921
ENSG00000100095	SEZ6L	TCGA-KIRC	0.00102629949158171	5262.1229508197	1	0.121931981818363
ENSG00000102007	PLP2	TCGA-KIRC	0.0028993949759265	5262.4655172414	1	0.168425840979993
ENSG00000196911	KPNA5	TCGA-KIRC	0.000934433596306735	5263.367768595	1	0.118482205344281
ENSG00000145888	GLRA1	TCGA-KIRC	0.00113901238691764	5263.3769230769	1	0.127752585131273
ENSG00000126953	TIMM8A	TCGA-KIRC	0.00153838400376134	5263.4075630252	1	0.136583631175894
ENSG00000233412	OR5H15	TCGA-KIRC	0.00203815812403452	5266.9875	1	0.146592009647487
ENSG00000187498	COL4A1	TCGA-KIRC	0.00137295195870859	5268.5278810409	1	0.132006680092074
ENSG00000170471	RALGAPB	TCGA-KIRC	0.00143491984721134	5268.9206349206	1	0.135380467231898
ENSG00000012983	MAP4K5	TCGA-KIRC	0.000994609473743603	5269.187250996	1	0.120852585980103
ENSG00000162419	GMEB1	TCGA-KIRC	0.00186759856596262	5269.8085106383	1	0.144622631089726
ENSG00000114948	ADAM23	TCGA-KIRC	0.00201148375713933	5272.5950413223	1	0.146105095083511
ENSG00000110693	SOX6	TCGA-KIRC	0.00101608702397404	5274.1370967742	1	0.121619550578505
ENSG00000177791	MYOZ1	TCGA-KIRC	0.000939045604095221	5275.9730769231	1	0.118482205344281
ENSG00000113492	AGXT2	TCGA-KIRC	0.00126951327239216	5276.3821138211	1	0.132006680092074
ENSG00000126010	GRPR	TCGA-KIRC	0.00096404231379951	5276.391634981	1	0.118940574392541
ENSG00000088247	KHSRP	TCGA-KIRC	0.00109777194251326	5276.8549618321	1	0.124436404346452
ENSG00000183034	OTOP2	TCGA-KIRC	0.00210947405548156	5277.0125523013	1	0.150372686114972
ENSG00000114529	C3orf52	TCGA-KIRC	0.00156799182073867	5277.9053030303	1	0.136583631175894
ENSG00000241598	KRTAP5-4	TCGA-KIRC	0.000883051564111942	5278.3765690377	1	0.118482205344281
ENSG00000182393	IFNL1	TCGA-KIRC	0.00196741539661626	5278.8446215139	1	0.144796661677657
ENSG00000179833	SERTAD2	TCGA-KIRC	0.00134642229975844	5281.0470588235	1	0.132006680092074
ENSG00000185269	NOTUM	TCGA-KIRC	0.00148344346594818	5281.7007874016	1	0.136583631175894
ENSG00000010030	ETV7	TCGA-KIRC	0.00156723900322038	5283.0538461538	1	0.136583631175894
ENSG00000175970	UNC119B	TCGA-KIRC	0.00232080429350187	5284.8875	1	0.15381562009701
ENSG00000135424	ITGA7	TCGA-KIRC	0.00391894983207727	5285.9304347826	1	0.182310831455257
ENSG00000118762	PKD2	TCGA-KIRC	0.00172970272842251	5286.0538461538	1	0.142123536313568
ENSG00000204021	LIPK	TCGA-KIRC	0.00135141465276934	5290.5714285714	1	0.132006680092074
ENSG00000260914	RP11-343C2.11	TCGA-KIRC	0.00187704595563661	5291.2205323194	1	0.144622631089726
ENSG00000167306	MYO5B	TCGA-KIRC	0.00139093016619243	5292.6153846154	1	0.132006680092074
ENSG00000147883	CDKN2B	TCGA-KIRC	0.00403486259068409	5293.6919642857	1	0.182310831455257
ENSG00000130385	BMP15	TCGA-KIRC	0.00201297261703338	5295.153526971	1	0.146105095083511
ENSG00000170044	ZPLD1	TCGA-KIRC	0.00100713072954017	5295.5725490196	1	0.121453908053345
ENSG00000070770	CSNK2A2	TCGA-KIRC	0.00236452096908708	5296.0530612245	1	0.155428491078638
ENSG00000162706	CADM3	TCGA-KIRC	0.00151435322245889	5296.0956175299	1	0.136583631175894
ENSG00000162104	ADCY9	TCGA-KIRC	0.00219025454697192	5296.7468879668	1	0.150574501252824
ENSG00000126464	PRR12	TCGA-KIRC	0.00190416936910187	5297.1	1	0.144622631089726
ENSG00000102738	MRPS31	TCGA-KIRC	0.00279077080399157	5297.3884297521	1	0.167997943039088
ENSG00000093217	XYLB	TCGA-KIRC	0.00194188097344759	5297.8473895582	1	0.144796661677657
ENSG00000168958	MFF	TCGA-KIRC	0.0024346192304384	5298.1346938776	1	0.157005794470692
ENSG00000143341	HMCN1	TCGA-KIRC	0.00237807427711005	5299.643442623	1	0.155429892404556
ENSG00000119185	ITGB1BP1	TCGA-KIRC	0.00137848850455866	5300.0827067669	1	0.132006680092074
ENSG00000141622	RNF165	TCGA-KIRC	0.00280712318314581	5300.1038961039	1	0.167997943039088
ENSG00000109475	RPL34	TCGA-KIRC	0.00207421116093745	5300.2194244604	1	0.148519075045874
ENSG00000179388	EGR3	TCGA-KIRC	0.00307991389483794	5300.4411764706	1	0.17034047917002
ENSG00000148156	ACTL7B	TCGA-KIRC	0.00362497642024678	5303.0381355932	1	0.180562101876826
ENSG00000120949	TNFRSF8	TCGA-KIRC	0.00220652504534656	5304.2751937984	1	0.150574501252824
ENSG00000185681	MORN5	TCGA-KIRC	0.00196379858565622	5304.7190082645	1	0.144796661677657
ENSG00000116752	BCAS2	TCGA-KIRC	0.00202194290467776	5305.1711026616	1	0.146105095083511
ENSG00000156469	MTERFD1	TCGA-KIRC	0.00284326053967324	5306.1902834008	1	0.168425840979993
ENSG00000151136	BTBD11	TCGA-KIRC	0.00222469879652116	5306.4885496183	1	0.150574501252824
ENSG00000176200	OR4D11	TCGA-KIRC	0.00249930832074894	5306.8502024291	1	0.158193825080673
ENSG00000159596	TMEM69	TCGA-KIRC	0.00299845995241245	5307.5173745174	1	0.169339081608251
ENSG00000156970	BUB1B	TCGA-KIRC	0.00460838809533545	5308.6307053942	1	0.187717720351836
ENSG00000178257	PRM3	TCGA-KIRC	0.00213802021335442	5309.621399177	1	0.150537603697204
ENSG00000004700	RECQL	TCGA-KIRC	0.00174891002906252	5309.628	1	0.142170437150388
ENSG00000161807	OR7G1	TCGA-KIRC	0.00131960337799591	5310.1653543307	1	0.132006680092074
ENSG00000138668	HNRNPD	TCGA-KIRC	0.00109504837162099	5311.0574712644	1	0.124436404346452
ENSG00000188386	PPP3R2	TCGA-KIRC	0.00226433093494792	5312.6437246964	1	0.151323349440124
ENSG00000113504	SLC12A7	TCGA-KIRC	0.00165692722036246	5313.5884773663	1	0.139676951544685
ENSG00000142541	RPL13A	TCGA-KIRC	0.00253370568909533	5316.2256809339	1	0.159365119793725
ENSG00000197619	ZNF615	TCGA-KIRC	0.00298716145038098	5317.5019920319	1	0.169339081608251
ENSG00000154832	CXXC1	TCGA-KIRC	0.00160364582190296	5318.4390243902	1	0.137544787901078
ENSG00000175514	GPR152	TCGA-KIRC	0.00187522273815297	5318.9473684211	1	0.144622631089726
ENSG00000167165	UGT1A6	TCGA-KIRC	0.00332630745952954	5319.731092437	1	0.176657766037729
ENSG00000164338	UTP15	TCGA-KIRC	0.00366629973670187	5319.875	1	0.18090454105122
ENSG00000136371	MTHFS	TCGA-KIRC	0.00298836809912818	5322.40234375	1	0.169339081608251
ENSG00000198876	DCAF12	TCGA-KIRC	0.00180766777771704	5322.4252873563	1	0.14353061132081
ENSG00000108021	FAM208B	TCGA-KIRC	0.0043064819054509	5323.3858267717	1	0.185094273901932
ENSG00000111816	FRK	TCGA-KIRC	0.00248484674654231	5323.4902723735	1	0.158193825080673
ENSG00000175283	DOLK	TCGA-KIRC	0.00191159036043531	5323.5859375	1	0.144622631089726
ENSG00000117335	CD46	TCGA-KIRC	0.00438971063715763	5323.8326530612	1	0.185094273901932
ENSG00000129347	KRI1	TCGA-KIRC	0.00190581776118867	5324.7469879518	1	0.144622631089726
ENSG00000136158	SPRY2	TCGA-KIRC	0.00297043956755052	5326.928030303	1	0.169339081608251
ENSG00000145384	FABP2	TCGA-KIRC	0.00337102074906253	5327.0897959184	1	0.177985545329868
ENSG00000177192	PUS1	TCGA-KIRC	0.00357602015779246	5328.0905349794	1	0.179238169593652
ENSG00000197375	SLC22A5	TCGA-KIRC	0.00222389289700095	5328.1647058824	1	0.150574501252824
ENSG00000167037	SGSM1	TCGA-KIRC	0.00299452398798063	5328.3092369478	1	0.169339081608251
ENSG00000106302	HYAL4	TCGA-KIRC	0.00436935446411696	5328.7800829876	1	0.185094273901932
ENSG00000120910	PPP3CC	TCGA-KIRC	0.00239750873984732	5329.3117870722	1	0.155682763880207
ENSG00000142961	MOB3C	TCGA-KIRC	0.0040097292243444	5329.4861660079	1	0.182310831455257
ENSG00000145428	RNF175	TCGA-KIRC	0.00342480181656982	5329.612	1	0.178345442649232
ENSG00000130826	DKC1	TCGA-KIRC	0.00347772331570432	5330.8140495868	1	0.179238169593652
ENSG00000254709	IGLL5	TCGA-KIRC	0.00231680698785513	5330.9501915709	1	0.15381562009701
ENSG00000165934	CPSF2	TCGA-KIRC	0.00322499856659459	5331.1686746988	1	0.175399899281981
ENSG00000175104	TRAF6	TCGA-KIRC	0.00398426349518723	5332.4094488189	1	0.182310831455257
ENSG00000178038	ALS2CL	TCGA-KIRC	0.00345913013621041	5332.7751004016	1	0.179238169593652
ENSG00000259075	POC1B-GALNT4	TCGA-KIRC	0.0040467775679206	5334.6048387097	1	0.182310831455257
ENSG00000111142	METAP2	TCGA-KIRC	0.00285844829546461	5336.8015873016	1	0.168425840979993
ENSG00000198842	DUSP27	TCGA-KIRC	0.00449556455488643	5337.7470817121	1	0.186606691349701
ENSG00000122705	CLTA	TCGA-KIRC	0.0032690796399784	5338.6468253968	1	0.175614550781268
ENSG00000154277	UCHL1	TCGA-KIRC	0.00248674291376014	5338.7747035573	1	0.158193825080673
ENSG00000143850	PLEKHA6	TCGA-KIRC	0.00402316795716036	5339.1603375527	1	0.182310831455257
ENSG00000160310	PRMT2	TCGA-KIRC	0.00398148323635143	5339.3474576271	1	0.182310831455257
ENSG00000134283	PPHLN1	TCGA-KIRC	0.0030283688051763	5339.6458333333	1	0.169408684202746
ENSG00000112299	VNN1	TCGA-KIRC	0.00528705754174863	5341.8955823293	1	0.196350443550751
ENSG00000144959	NCEH1	TCGA-KIRC	0.00408534624959846	5341.937254902	1	0.182310831455257
ENSG00000185966	LCE3E	TCGA-KIRC	0.00303119339811105	5342.1139705882	1	0.169408684202746
ENSG00000107338	SHB	TCGA-KIRC	0.00379096592870815	5342.136	1	0.18204581595973
ENSG00000103310	ZP2	TCGA-KIRC	0.00549662655625168	5342.5232067511	1	0.197669043353634
ENSG00000163536	SERPINI1	TCGA-KIRC	0.0037225514871329	5342.7590361446	1	0.181100285948585
ENSG00000174177	CTU2	TCGA-KIRC	0.00357056115507215	5342.864978903	1	0.179238169593652
ENSG00000104059	FAM189A1	TCGA-KIRC	0.00225533773447396	5344.4701492537	1	0.151323349440124
ENSG00000147416	ATP6V1B2	TCGA-KIRC	0.00368824645699538	5345.7341772152	1	0.18090454105122
ENSG00000169019	COMMD8	TCGA-KIRC	0.00566991195669444	5346.4574898785	1	0.198358424866415
ENSG00000151067	CACNA1C	TCGA-KIRC	0.00524872913755814	5346.7603305785	1	0.196350443550751
ENSG00000149657	LSM14B	TCGA-KIRC	0.00395746159827965	5347.015503876	1	0.182310831455257
ENSG00000163933	RFT1	TCGA-KIRC	0.00375783273549379	5348.5059760956	1	0.181100285948585
ENSG00000101098	RIMS4	TCGA-KIRC	0.00502219195366974	5350.1074380165	1	0.19509436384487
ENSG00000250317	SMIM20	TCGA-KIRC	0.00387098123307009	5350.2046332046	1	0.182310831455257
ENSG00000069424	KCNAB2	TCGA-KIRC	0.00565079971602896	5350.6352459016	1	0.198358424866415
ENSG00000171943	SRGAP2C	TCGA-KIRC	0.00350807924417287	5350.8841698842	1	0.179238169593652
ENSG00000185479	KRT6B	TCGA-KIRC	0.0049951880183643	5352.1054852321	1	0.194933870137579
ENSG00000205856	C22orf42	TCGA-KIRC	0.00510305018683887	5352.5852713178	1	0.19580818647538
ENSG00000104522	TSTA3	TCGA-KIRC	0.00296309384095246	5352.7170542636	1	0.169339081608251
ENSG00000135070	ISCA1	TCGA-KIRC	0.00405961072877962	5354.0396825397	1	0.182310831455257
ENSG00000107164	FUBP3	TCGA-KIRC	0.00408066655103612	5356.7046413502	1	0.182310831455257
ENSG00000168539	CHRM1	TCGA-KIRC	0.0035156487409087	5357.5719844358	1	0.179238169593652
ENSG00000104918	RETN	TCGA-KIRC	0.00547327863881514	5357.7183673469	1	0.197271721545969
ENSG00000087365	SF3B2	TCGA-KIRC	0.00356150718416387	5358.7237354086	1	0.179238169593652
ENSG00000128886	ELL3	TCGA-KIRC	0.00290878221531629	5359.4592592593	1	0.168425840979993
ENSG00000258947	TUBB3	TCGA-KIRC	0.00467050255644663	5360.0769230769	1	0.188781645059602
ENSG00000172497	ACOT12	TCGA-KIRC	0.00384879343773214	5360.2175572519	1	0.182310831455257
ENSG00000121807	CCR2	TCGA-KIRC	0.00566191866757475	5360.9547325103	1	0.198358424866415
ENSG00000005379	BZRAP1	TCGA-KIRC	0.00446396301401383	5361.6968503937	1	0.185967539692904
ENSG00000143556	S100A7	TCGA-KIRC	0.00580354387258212	5362.0524344569	1	0.19999171019844
ENSG00000172238	ATOH1	TCGA-KIRC	0.00512224650177235	5362.3157894737	1	0.195953365448907
ENSG00000164163	ABCE1	TCGA-KIRC	0.00468452489143473	5364.8902439024	1	0.188781645059602
ENSG00000196632	WNK3	TCGA-KIRC	0.00440934511381678	5364.9887218045	1	0.185094273901932
ENSG00000168003	SLC3A2	TCGA-KIRC	0.00513126837636642	5366.7421875	1	0.195953365448907
ENSG00000089116	LHX5	TCGA-KIRC	0.00434695281996947	5367.5475285171	1	0.185094273901932
ENSG00000168386	FILIP1L	TCGA-KIRC	0.00357604677785202	5368.686746988	1	0.179238169593652
ENSG00000188820	FAM26F	TCGA-KIRC	0.0052752385236183	5373.213740458	1	0.196350443550751
ENSG00000145692	BHMT	TCGA-KIRC	0.00350707525018601	5373.2686567164	1	0.179238169593652
ENSG00000071246	VASH1	TCGA-KIRC	0.00433608000499048	5373.56	1	0.185094273901932
ENSG00000173567	GPR113	TCGA-KIRC	0.00373290565490311	5374.3515625	1	0.181100285948585
ENSG00000160606	TLCD1	TCGA-KIRC	0.00407128450510703	5375.0120481928	1	0.182310831455257
ENSG00000176742	OR51V1	TCGA-KIRC	0.00525251350955812	5375.875502008	1	0.196350443550751
ENSG00000176597	B3GNT5	TCGA-KIRC	0.00488522132933029	5375.884	1	0.193037955891307
ENSG00000110660	SLC35F2	TCGA-KIRC	0.00504720806156525	5376.3961538462	1	0.19509436384487
ENSG00000139572	GPR84	TCGA-KIRC	0.00409064254474298	5378.2846153846	1	0.182310831455257
ENSG00000138639	ARHGAP24	TCGA-KIRC	0.00523356541061869	5378.9206349206	1	0.196350443550751
ENSG00000160097	FNDC5	TCGA-KIRC	0.00441992062500404	5379.4457364341	1	0.185094273901932
ENSG00000152990	GPR125	TCGA-KIRC	0.00530317742386541	5385.1641221374	1	0.196350443550751
ENSG00000112996	MRPS30	TCGA-KIRC	0.00586047158758444	5385.640625	1	0.19999171019844
ENSG00000104312	RIPK2	TCGA-KIRC	0.00424828768997611	5386.1624548736	1	0.184157530431154
ENSG00000088205	DDX18	TCGA-KIRC	0.00563031577275967	5387.2341269841	1	0.198358424866415
ENSG00000142875	PRKACB	TCGA-KIRC	0.00503150918289886	5388.4229249012	1	0.19509436384487
ENSG00000100473	COCH	TCGA-KIRC	0.00412165582222253	5392.15625	1	0.182310831455257
ENSG00000169836	TACR3	TCGA-KIRC	0.00444511010001619	5392.3058823529	1	0.185664377328541
ENSG00000147324	MFHAS1	TCGA-KIRC	0.0058392524475688	5393.1893939394	1	0.19999171019844
ENSG00000188735	TMEM120B	TCGA-KIRC	0.00574731477919458	5393.8911290323	1	0.199526367410177
ENSG00000198046	ZNF667	TCGA-KIRC	0.00495799028108844	5394.6045627376	1	0.194428376817549
ENSG00000137337	MDC1	TCGA-KIRC	0.00554235296856609	5395.5648854962	1	0.197981735551963
ENSG00000103269	RHBDL1	TCGA-KIRC	0.00567657067234144	5402.9924528302	1	0.198358424866415
ENSG00000204131	NHSL2	TCGA-KIRC	0.00531616539037273	5404.5097276265	1	0.196350443550751
ENSG00000221818	EBF2	TCGA-KIRC	0.00507867910674643	5405.2579365079	1	0.19534036976764
ENSG00000173598	NUDT4	TCGA-KIRC	0.00584683832210966	5409.62109375	1	0.19999171019844
ENSG00000126804	ZBTB1	TCGA-KIRC	0.00528687615906188	6424.7237354086	1	0.196350443550751
ENSG00000102030	NAA10	TCGA-KIRC	0.00562524458478169	6430.1050583658	1	0.198358424866415
ENSG00000188092	GPR89B	TCGA-KIRC	0.00504795567028001	6431.0389105058	1	0.19509436384487
ENSG00000143643	TTC13	TCGA-KIRC	0.0054134715979599	6436.8832684825	1	0.196885875192016
ENSG00000065802	ASB1	TCGA-KIRC	0.00547260807955201	6437.5423076923	1	0.197271721545969
ENSG00000146457	WTAP	TCGA-KIRC	0.00506860244135701	6439.3929961089	1	0.19534036976764
ENSG00000142188	TMEM50B	TCGA-KIRC	0.00573201390066171	6441.3385826772	1	0.199526367410177
ENSG00000140379	BCL2A1	TCGA-KIRC	0.0049195089856174	6443.9552845528	1	0.193392168187053
ENSG00000149476	DAK	TCGA-KIRC	0.00585898143950181	6445.3968253968	1	0.19999171019844
ENSG00000167077	MEI1	TCGA-KIRC	0.00562601150480844	6446.9058823529	1	0.198358424866415
ENSG00000080371	RAB21	TCGA-KIRC	0.00536506304560347	6449.8775510204	1	0.196350443550751
ENSG00000028116	VRK2	TCGA-KIRC	0.00490253059402615	6453.6882129278	1	0.193198251099718
ENSG00000175595	ERCC4	TCGA-KIRC	0.00529961441115142	6454.6150793651	1	0.196350443550751
ENSG00000118432	CNR1	TCGA-KIRC	0.00472893950360294	6456.0916666667	1	0.189618651745719
ENSG00000059588	TARBP1	TCGA-KIRC	0.0029434119562363	6456.6550387597	1	0.169339081608251
ENSG00000065413	ANKRD44	TCGA-KIRC	0.00532336375355723	6457.5212355212	1	0.196350443550751
ENSG00000167157	PRRX2	TCGA-KIRC	0.00582297913208717	6458.4081632653	1	0.19999171019844
ENSG00000143702	CEP170	TCGA-KIRC	0.00533287463113149	6459.2635658915	1	0.196350443550751
ENSG00000101460	MAP1LC3A	TCGA-KIRC	0.0053569940179633	6460.1206225681	1	0.196350443550751
ENSG00000143845	ETNK2	TCGA-KIRC	0.00573889061862661	6460.1269230769	1	0.199526367410177
ENSG00000274276	CBSL	TCGA-KIRC	0.00273170168205661	6460.2407407407	1	0.167997943039088
ENSG00000140848	CPNE2	TCGA-KIRC	0.00482645860228368	6460.5502008032	1	0.191612795846604
ENSG00000162616	DNAJB4	TCGA-KIRC	0.0043548450502577	6461.1084337349	1	0.185094273901932
ENSG00000182732	RGS6	TCGA-KIRC	0.00450944156446894	6461.9402390438	1	0.186606691349701
ENSG00000091972	CD200	TCGA-KIRC	0.00424354812049982	6462.5349794239	1	0.184157530431154
ENSG00000135249	RINT1	TCGA-KIRC	0.00563880432262838	6462.5882352941	1	0.198358424866415
ENSG00000119523	ALG2	TCGA-KIRC	0.00579582910702653	6462.6201550388	1	0.19999171019844
ENSG00000135114	OASL	TCGA-KIRC	0.00441258082669164	6463.116	1	0.185094273901932
ENSG00000137860	SLC28A2	TCGA-KIRC	0.00337350244904794	6464.5967741935	1	0.177985545329868
ENSG00000109189	USP46	TCGA-KIRC	0.00440016655062412	6464.7857142857	1	0.185094273901932
ENSG00000105675	ATP4A	TCGA-KIRC	0.00355688734291197	6465.305019305	1	0.179238169593652
ENSG00000156920	GPR112	TCGA-KIRC	0.00537426552271211	6465.36328125	1	0.196350443550751
ENSG00000197345	MRPL21	TCGA-KIRC	0.00527841528855591	6466.0442804428	1	0.196350443550751
ENSG00000198763	MT-ND2	TCGA-KIRC	0.00481016357369025	6466.5647058824	1	0.191439735876967
ENSG00000147813	NAPRT1	TCGA-KIRC	0.00422976286879257	6467.1706349206	1	0.184157530431154
ENSG00000177613	CSTF2T	TCGA-KIRC	0.0045334047656706	6468.1343873518	1	0.186918455106917
ENSG00000204520	MICA	TCGA-KIRC	0.00322607209228658	6470.5494071146	1	0.175399899281981
ENSG00000159314	ARHGAP27	TCGA-KIRC	0.00531296628271755	6470.7148760331	1	0.196350443550751
ENSG00000107643	MAPK8	TCGA-KIRC	0.004285057618612	6471.102661597	1	0.185094273901932
ENSG00000189334	S100A14	TCGA-KIRC	0.00553959032762483	6471.4466403162	1	0.197981735551963
ENSG00000154016	GRAP	TCGA-KIRC	0.00514819713661342	6471.519379845	1	0.196132859558534
ENSG00000258989	RP11-47I22.4	TCGA-KIRC	0.00374883237779774	6471.8872180451	1	0.181100285948585
ENSG00000089639	GMIP	TCGA-KIRC	0.00471851397432087	6472.0772200772	1	0.189618651745719
ENSG00000178372	CALML5	TCGA-KIRC	0.00456152983326199	6473.4071146245	1	0.187549429408228
ENSG00000104907	TRMT1	TCGA-KIRC	0.00396535716187719	6473.560483871	1	0.182310831455257
ENSG00000137364	TPMT	TCGA-KIRC	0.0048864274637989	6473.6733067729	1	0.193037955891307
ENSG00000166716	ZNF592	TCGA-KIRC	0.00521211411047223	6473.8695652174	1	0.196350443550751
ENSG00000124233	SEMG1	TCGA-KIRC	0.00478135214743138	6475.6414342629	1	0.190766435553861
ENSG00000157353	FUK	TCGA-KIRC	0.00375998473850482	6477.4170040486	1	0.181100285948585
ENSG00000137221	TJAP1	TCGA-KIRC	0.00533775815362728	6478.1452282158	1	0.196350443550751
ENSG00000055070	SZRD1	TCGA-KIRC	0.00467665694341127	6478.412	1	0.188781645059602
ENSG00000183617	MRPL54	TCGA-KIRC	0.00396034724859685	6478.7635658915	1	0.182310831455257
ENSG00000197451	HNRNPAB	TCGA-KIRC	0.00552974966668798	6479.2583333333	1	0.197981735551963
ENSG00000147041	SYTL5	TCGA-KIRC	0.00317542310621047	6481.7923076923	1	0.175019282475979
ENSG00000117298	ECE1	TCGA-KIRC	0.00539004227326915	6481.9428571429	1	0.196479290956736
ENSG00000148344	PTGES	TCGA-KIRC	0.00561163062715359	6482.0383141762	1	0.198358424866415
ENSG00000092201	SUPT16H	TCGA-KIRC	0.00306203306775302	6482.0871369295	1	0.169937537625227
ENSG00000166884	OR4D6	TCGA-KIRC	0.0045142088810826	6482.1782945736	1	0.186606691349701
ENSG00000172007	RAB33B	TCGA-KIRC	0.00356864921061342	6483.8638132296	1	0.179238169593652
ENSG00000168297	PXK	TCGA-KIRC	0.00547144223698279	6486.7090163934	1	0.197271721545969
ENSG00000168779	SHOX2	TCGA-KIRC	0.00563875180943284	6487.1752988048	1	0.198358424866415
ENSG00000173838	MARCH10	TCGA-KIRC	0.00497570705376904	6487.9003984064	1	0.194647232769272
ENSG00000215372	ZNF705G	TCGA-KIRC	0.00385238860528112	6489.3347280335	1	0.182310831455257
ENSG00000099814	CEP170B	TCGA-KIRC	0.00412853215423797	6489.5039370079	1	0.182310831455257
ENSG00000122787	AKR1D1	TCGA-KIRC	0.00411641857262845	6490.5791666667	1	0.182310831455257
ENSG00000137822	TUBGCP4	TCGA-KIRC	0.00411124143420016	6490.9621212121	1	0.182310831455257
ENSG00000244414	CFHR1	TCGA-KIRC	0.0037396412059199	6491.2592592593	1	0.181100285948585
ENSG00000267561	RP5-1052I5.2	TCGA-KIRC	0.00341312314650409	6492.5162601626	1	0.178316228491137
ENSG00000107104	KANK1	TCGA-KIRC	0.00581160735857487	6493.276	1	0.19999171019844
ENSG00000176887	SOX11	TCGA-KIRC	0.0041867854965715	6494.2392156863	1	0.183977678300028
ENSG00000214013	GANC	TCGA-KIRC	0.00303137928587743	6494.7093023256	1	0.169408684202746
ENSG00000188313	PLSCR1	TCGA-KIRC	0.00387130113564373	6495.1245136187	1	0.182310831455257
ENSG00000135374	ELF5	TCGA-KIRC	0.00440877867991005	6495.7540983607	1	0.185094273901932
ENSG00000137563	GGH	TCGA-KIRC	0.00542999312649316	6496.8208333333	1	0.197039954198696
ENSG00000161031	PGLYRP2	TCGA-KIRC	0.00457209470033151	6497.0240963855	1	0.187549429408228
ENSG00000023191	RNH1	TCGA-KIRC	0.00466592187939472	6497.1694915254	1	0.188781645059602
ENSG00000156256	USP16	TCGA-KIRC	0.00424343902465414	6497.9916666667	1	0.184157530431154
ENSG00000125046	SSUH2	TCGA-KIRC	0.0047735461498382	6498.048	1	0.190766435553861
ENSG00000088876	ZNF343	TCGA-KIRC	0.00339464956872431	6498.439516129	1	0.178316228491137
ENSG00000154727	GABPA	TCGA-KIRC	0.0032738169888147	6498.7131147541	1	0.175614550781268
ENSG00000072609	CHFR	TCGA-KIRC	0.0041318749234241	6498.8455284553	1	0.182310831455257
ENSG00000166689	PLEKHA7	TCGA-KIRC	0.00459978701843887	6499.7894736842	1	0.187717720351836
ENSG00000158077	NLRP14	TCGA-KIRC	0.00365906169680471	6500.1918367347	1	0.18090454105122
ENSG00000250312	ZNF718	TCGA-KIRC	0.0046113087984677	6501.5245901639	1	0.187717720351836
ENSG00000198727	MT-CYB	TCGA-KIRC	0.0041987223137041	6501.5327868852	1	0.183998107075137
ENSG00000179412	HNRNPCP5	TCGA-KIRC	0.00367788411057846	6502.5144032922	1	0.18090454105122
ENSG00000189403	HMGB1	TCGA-KIRC	0.0035902171399541	6503.8524590164	1	0.179387827749918
ENSG00000152359	POC5	TCGA-KIRC	0.00413748629276848	6504.5333333333	1	0.182310831455257
ENSG00000231924	PSG1	TCGA-KIRC	0.00321136179081765	6504.984063745	1	0.175399899281981
ENSG00000172260	NEGR1	TCGA-KIRC	0.00219175099903448	6505.1181434599	1	0.150574501252824
ENSG00000116127	ALMS1	TCGA-KIRC	0.002765632510476	6505.2991803279	1	0.167997943039088
ENSG00000148204	CRB2	TCGA-KIRC	0.0039014018726602	6506.2290076336	1	0.182310831455257
ENSG00000186298	PPP1CC	TCGA-KIRC	0.00305061971577567	6507.0210970464	1	0.169891977851826
ENSG00000163600	ICOS	TCGA-KIRC	0.00258827413478392	6507.348	1	0.161530462442799
ENSG00000183742	MACC1	TCGA-KIRC	0.00163866919122653	6509.572519084	1	0.139676951544685
ENSG00000114933	INO80D	TCGA-KIRC	0.00284890277013295	6510.8615384615	1	0.168425840979993
ENSG00000173641	HSPB7	TCGA-KIRC	0.0038163461495255	6511.5215517241	1	0.182310831455257
ENSG00000256222	MTRNR2L3	TCGA-KIRC	0.004077729016081	6512.2605363985	1	0.182310831455257
ENSG00000232258	TMEM114	TCGA-KIRC	0.00195151955512975	6512.3448275862	1	0.144796661677657
ENSG00000101856	PGRMC1	TCGA-KIRC	0.00394601269794309	6512.4384615385	1	0.182310831455257
ENSG00000185787	MORF4L1	TCGA-KIRC	0.00434411822722061	6512.9533898305	1	0.185094273901932
ENSG00000118308	LRMP	TCGA-KIRC	0.00260268367083041	6513.987804878	1	0.16180016820329
ENSG00000147432	CHRNB3	TCGA-KIRC	0.00278200618575345	6514.0829875519	1	0.167997943039088
ENSG00000204176	SYT15	TCGA-KIRC	0.00282790764213935	6514.8902439024	1	0.168425840979993
ENSG00000186897	C1QL4	TCGA-KIRC	0.00233722874161769	6515.0365853659	1	0.154266715172042
ENSG00000269028	MTRNR2L12	TCGA-KIRC	0.00331534801092796	6515.2081632653	1	0.176657766037729
ENSG00000141505	ASGR1	TCGA-KIRC	0.00328806353182507	6515.4979253112	1	0.175790836623141
ENSG00000176055	MBLAC2	TCGA-KIRC	0.00277145613384382	6515.7387755102	1	0.167997943039088
ENSG00000169885	CALML6	TCGA-KIRC	0.00270145365792941	6516.0308880309	1	0.167291950654556
ENSG00000164708	PGAM2	TCGA-KIRC	0.00319661329686829	6517.0037878788	1	0.175399899281981
ENSG00000161281	COX7A1	TCGA-KIRC	0.00276207379048971	6517.7250996016	1	0.167997943039088
ENSG00000101230	ISM1	TCGA-KIRC	0.00275601041318566	6519.0355731225	1	0.167997943039088
ENSG00000187260	WDR86	TCGA-KIRC	0.00190829240350823	6519.7509433962	1	0.144622631089726
ENSG00000146243	IRAK1BP1	TCGA-KIRC	0.00368631189053491	6519.8347457627	1	0.18090454105122
ENSG00000178928	TPRX1	TCGA-KIRC	0.00212274286996849	6521.7407407407	1	0.150537603697204
ENSG00000152520	PAN3	TCGA-KIRC	0.00250522049819135	6522.1052631579	1	0.158193825080673
ENSG00000165973	NELL1	TCGA-KIRC	0.00176313264434245	6523.84375	1	0.142170437150388
ENSG00000057757	PITHD1	TCGA-KIRC	0.00148031905492327	6524.2103174603	1	0.136583631175894
ENSG00000131507	NDFIP1	TCGA-KIRC	0.0025442455527221	6524.4565217391	1	0.159402946953554
ENSG00000166143	PPP1R14D	TCGA-KIRC	0.00290171822808072	6524.7330508475	1	0.168425840979993
ENSG00000156395	SORCS3	TCGA-KIRC	0.00326267579051634	6525.016	1	0.175614550781268
ENSG00000089163	SIRT4	TCGA-KIRC	0.00178329372392774	6525.7148148148	1	0.143011240190385
ENSG00000151623	NR3C2	TCGA-KIRC	0.00340283124642395	6526.3565891473	1	0.178316228491137
ENSG00000170890	PLA2G1B	TCGA-KIRC	0.00244331307978659	6526.54	1	0.157005794470692
ENSG00000167658	EEF2	TCGA-KIRC	0.00225046752317998	6527.23046875	1	0.151323349440124
ENSG00000152128	TMEM163	TCGA-KIRC	0.00169999836301814	6527.869047619	1	0.140547802806433
ENSG00000182326	C1S	TCGA-KIRC	0.00349461379578093	6528.2008733624	1	0.179238169593652
ENSG00000124172	ATP5E	TCGA-KIRC	0.00196805737550528	6528.5930232558	1	0.144796661677657
ENSG00000124191	TOX2	TCGA-KIRC	0.00156589216207636	6528.6902985075	1	0.136583631175894
ENSG00000167815	PRDX2	TCGA-KIRC	0.00287184631537028	6528.9718875502	1	0.168425840979993
ENSG00000256812	CAPNS2	TCGA-KIRC	0.00280351165864127	6529.2653061224	1	0.167997943039088
ENSG00000165682	CLEC1B	TCGA-KIRC	0.00173677991878916	6529.367768595	1	0.142123536313568
ENSG00000139515	PDX1	TCGA-KIRC	0.00238392378150263	6529.6498054475	1	0.155429892404556
ENSG00000164816	DEFA5	TCGA-KIRC	0.00325970774007295	6530.7670682731	1	0.175614550781268
ENSG00000172840	PDP2	TCGA-KIRC	0.00154877774380954	6536.3540856031	1	0.136583631175894
ENSG00000176907	C8orf4	TCGA-KIRC	0.00219112805233215	6536.9471698113	1	0.150574501252824
ENSG00000198042	MAK16	TCGA-KIRC	0.00192662165494058	6537.4448979592	1	0.144796661677657
ENSG00000171773	NXNL1	TCGA-KIRC	0.00244725036583783	6538.3617021277	1	0.157005794470692
ENSG00000217930	PAM16	TCGA-KIRC	0.00158257413609393	6538.3858267717	1	0.136583631175894
ENSG00000140505	CYP1A2	TCGA-KIRC	0.00384324329462103	6540.0040322581	1	0.182310831455257
ENSG00000175203	DCTN2	TCGA-KIRC	0.00166333921971661	6542.1673640167	1	0.139676951544685
ENSG00000151014	CCRN4L	TCGA-KIRC	0.00288249488132758	6544	1	0.168425840979993
ENSG00000083642	PDS5B	TCGA-KIRC	0.00131017767873132	6544.6746031746	1	0.132006680092074
ENSG00000170458	CD14	TCGA-KIRC	0.00155905151856283	6548.8577075099	1	0.136583631175894
ENSG00000066933	MYO9A	TCGA-KIRC	0.00158392389791859	6549.2914979757	1	0.136583631175894
ENSG00000164068	RNF123	TCGA-KIRC	0.00168170033903644	6549.4196078431	1	0.13975539760521
ENSG00000111012	CYP27B1	TCGA-KIRC	0.00132335550003804	6549.867219917	1	0.132006680092074
ENSG00000167822	OR8J3	TCGA-KIRC	0.00220155144631414	6550.3833333333	1	0.150574501252824
ENSG00000131828	PDHA1	TCGA-KIRC	0.00150580792138715	6550.5366795367	1	0.136583631175894
ENSG00000116852	KIF21B	TCGA-KIRC	0.00219101012368321	6550.5546875	1	0.150574501252824
ENSG00000181016	LSMEM1	TCGA-KIRC	0.000945552857663689	6551.5285171103	1	0.118482205344281
ENSG00000187959	CPSF4L	TCGA-KIRC	0.0016554249845714	6552.1576763485	1	0.139676951544685
ENSG00000173588	CCDC41	TCGA-KIRC	0.00167341956843368	6552.3012048193	1	0.13975539760521
ENSG00000214087	ARL16	TCGA-KIRC	0.00222496145625783	6553.8039215686	1	0.150574501252824
ENSG00000188991	SLC15A5	TCGA-KIRC	0.00139003161837801	6554.676	1	0.132006680092074
ENSG00000152463	OLAH	TCGA-KIRC	0.00213994473738778	6556.5020746888	1	0.150537603697204
ENSG00000187773	FAM69C	TCGA-KIRC	0.00128783254037637	6558.4541984733	1	0.132006680092074
ENSG00000186222	BLOC1S4	TCGA-KIRC	0.00126024903637705	6560.2244094488	1	0.132006680092074
ENSG00000240972	MIF	TCGA-KIRC	0.00155162078886202	6561.078125	1	0.136583631175894
ENSG00000116761	CTH	TCGA-KIRC	0.00133821167536192	6561.4717741935	1	0.132006680092074
ENSG00000130226	DPP6	TCGA-KIRC	0.00176394519564356	6563.5473251029	1	0.142170437150388
ENSG00000168418	KCNG4	TCGA-KIRC	0.0012124340197255	6565.0843373494	1	0.131051697246017
ENSG00000213977	TAX1BP3	TCGA-KIRC	0.00127658607509706	6565.9512195122	1	0.132006680092074
ENSG00000135052	GOLM1	TCGA-KIRC	0.000987405501682672	6567.8988326848	1	0.120852585980103
ENSG00000152763	WDR78	TCGA-KIRC	0.0012174513928335	6569.2781954887	1	0.131051697246017
ENSG00000108518	PFN1	TCGA-KIRC	0.00184105585842467	6569.3195020747	1	0.144622631089726
ENSG00000117569	PTBP2	TCGA-KIRC	0.000938650526125717	6570.581027668	1	0.118482205344281
ENSG00000176294	OR4N2	TCGA-KIRC	0.000785966231047393	6573.7298387097	1	0.111175974747314
ENSG00000182170	MRGPRG	TCGA-KIRC	0.00119712214813926	6576.3346303502	1	0.130616613156501
ENSG00000101210	EEF1A2	TCGA-KIRC	0.00117118604615079	6576.3636363636	1	0.128662006809675
ENSG00000106004	HOXA5	TCGA-KIRC	0.0009025845997817	6578.6023622047	1	0.118482205344281
ENSG00000143952	VPS54	TCGA-KIRC	0.00180399040766608	6579.4752066116	1	0.14353061132081
ENSG00000243729	OR5V1	TCGA-KIRC	0.000870752312417528	6581.0891472868	1	0.118482205344281
ENSG00000086205	FOLH1	TCGA-KIRC	0.000943108949663647	6584.8125	1	0.118482205344281
ENSG00000185522	C11orf35	TCGA-KIRC	0.00133699425482031	6584.971659919	1	0.132006680092074
ENSG00000124157	SEMG2	TCGA-KIRC	0.000702371630158729	6585.5217391304	1	0.103351730056109
ENSG00000159640	ACE	TCGA-KIRC	0.000661002257228489	6586.8155737705	1	0.10096966860655
ENSG00000101654	RNMT	TCGA-KIRC	0.00135840778477644	6590.4917355372	1	0.132006680092074
ENSG00000132207	SLX1A	TCGA-KIRC	0.00088901410662783	6593.3265306122	1	0.118482205344281
ENSG00000050327	ARHGEF5	TCGA-KIRC	0.00190674531421544	6595.6844262295	1	0.144622631089726
ENSG00000111666	CHPT1	TCGA-KIRC	0.00115787452446767	6596.0126582278	1	0.12807689308922
ENSG00000221840	OR4A5	TCGA-KIRC	0.00109304041960639	6597.2409638554	1	0.124436404346452
ENSG00000139613	SMARCC2	TCGA-KIRC	0.000406220588958884	6598.168627451	1	0.0868716270174872
ENSG00000188517	COL25A1	TCGA-KIRC	0.000549859270117549	6600.214559387	1	0.0958607916675583
ENSG00000130714	POMT1	TCGA-KIRC	0.000608355618254131	6601.6590038314	1	0.0971349592617921
ENSG00000105388	CEACAM5	TCGA-KIRC	0.000633641713994212	6602.9036144578	1	0.0977228209475162
ENSG00000187775	DNAH17	TCGA-KIRC	0.00131382870941464	6607.0864197531	1	0.132006680092074
ENSG00000034053	APBA2	TCGA-KIRC	0.000471538987096493	6614.1626984127	1	0.0924182035242845
ENSG00000169598	DFFB	TCGA-KIRC	0.000470611515282372	6615.1746031746	1	0.0924182035242845
ENSG00000196878	LAMB3	TCGA-KIRC	0.00115475522882478	6616.6932773109	1	0.12807689308922
ENSG00000274523	RCC1L	TCGA-KIRC	0.000872460939339003	6618.0602409639	1	0.118482205344281
ENSG00000146409	SLC18B1	TCGA-KIRC	0.000419523513800383	6619.7765567766	1	0.0873862030888876
ENSG00000197713	RPE	TCGA-KIRC	0.000256490627777017	6620.0984251969	1	0.06243033135285
ENSG00000103855	CD276	TCGA-KIRC	0.000633653805009146	6620.79296875	1	0.0977228209475162
ENSG00000033170	FUT8	TCGA-KIRC	0.000911866346187052	6622.547008547	1	0.118482205344281
ENSG00000134072	CAMK1	TCGA-KIRC	0.000496153389154821	6622.7971014493	1	0.0939679761736907
ENSG00000101638	ST8SIA5	TCGA-KIRC	0.000489733013465252	6624.1563786008	1	0.0939679761736907
ENSG00000270188	MTRNR2L11	TCGA-KIRC	0.00110168772474569	6624.8275862069	1	0.124436404346452
ENSG00000108510	MED13	TCGA-KIRC	0.00053565482938247	6627.7244444444	1	0.0958607916675583
ENSG00000139192	TAPBPL	TCGA-KIRC	0.000503849738196733	6632.6375	1	0.0939679761736907
ENSG00000105523	FAM83E	TCGA-KIRC	0.000626562521489898	6635.256097561	1	0.0977228209475162
ENSG00000164751	PEX2	TCGA-KIRC	0.00045247985738074	6645.1865079365	1	0.0918846349167271
ENSG00000121236	TRIM6	TCGA-KIRC	0.000208478145061197	6646.6983471074	1	0.0559496202474703
ENSG00000149547	EI24	TCGA-KIRC	0.000274809371906884	6646.764940239	1	0.06243033135285
ENSG00000165471	MBL2	TCGA-KIRC	0.000315369944323528	6649.876984127	1	0.0683543045541226
ENSG00000138767	CNOT6L	TCGA-KIRC	0.000225828118507669	6659.8032128514	1	0.0574957131900753
ENSG00000108961	RANGRF	TCGA-KIRC	0.000212789253388346	6664.2818532819	1	0.0559496202474703
ENSG00000118193	KIF14	TCGA-KIRC	0.000178607729311639	6665.1138211382	1	0.0529695822089117
ENSG00000197785	ATAD3A	TCGA-KIRC	0.000211300859128305	6668.3813559322	1	0.0559496202474703
ENSG00000159189	C1QC	TCGA-KIRC	0.000502963428790834	6669.7796610169	1	0.0939679761736907
ENSG00000125944	HNRNPR	TCGA-KIRC	0.00027182470220558	6677.7756653992	1	0.06243033135285
ENSG00000184752	NDUFA12	TCGA-KIRC	0.000277794120982218	6681.7206477733	1	0.06243033135285
ENSG00000163013	FBXO41	TCGA-KIRC	0.000136662239982271	6690.0948616601	1	0.0466367163207584
ENSG00000164347	GFM2	TCGA-KIRC	0.000102230696017825	6697.0597609562	1	0.0372654121234066
ENSG00000114383	TUSC2	TCGA-KIRC	0.000119405360518719	6699.1673306773	1	0.042362601481987
ENSG00000164932	CTHRC1	TCGA-KIRC	7.65527476454955e-05	6701.3321167883	1	0.0293725270302297
ENSG00000176299	OR4M1	TCGA-KIRC	0.000184942739802921	6704.1762295082	1	0.0529695822089117
ENSG00000087903	RFX2	TCGA-KIRC	0.000121496331951581	6715.6023622047	1	0.042362601481987
ENSG00000061794	MRPS35	TCGA-KIRC	0.000175986480894143	6716.264957265	1	0.0529695822089117
ENSG00000188706	ZDHHC9	TCGA-KIRC	0.000145294186138167	6723.106557377	1	0.0473916868724365
ENSG00000064886	CHI3L2	TCGA-KIRC	0.00024833740060739	6736.4830508475	1	0.0622356807553425
ENSG00000127084	FGD3	TCGA-KIRC	0.000188410232903538	6745.7346938776	1	0.0530159951849096
ENSG00000196358	NTNG2	TCGA-KIRC	5.25961258637969e-05	6761.975308642	0.841695802198341	0.0227997098034983
ENSG00000143621	ILF2	TCGA-KIRC	2.29929129178567e-05	6765.8859315589	0.367978578337379	0.0102439813969307
ENSG00000183873	SCN5A	TCGA-KIRC	2.10626500153728e-05	6772.0576923077	0.337149838796073	0.00997090878366401
ENSG00000197106	SLC6A17	TCGA-KIRC	1.01559264914437e-05	6835.4398340249	0.162576071275031	0.00509034078113332
ENSG00000136874	STX17	TCGA-KIRC	5.40350032639714e-06	6847.0648854962	0.0865046367252917	0.00279570134629302
ENSG00000166532	RIMKLB	TCGA-KIRC	1.83912830190885e-06	6908.7298387097	0.0294462832418626	0.00101716478739021
ENSG00000117868	ESYT2	TCGA-KIRC	3.34622129525093e-06	6938.688034188	0.0535730029369673	0.00178900144515099
