Type	GeneID	Gene name	TCGA cohort	p-value	p-value (corrected)
GLOBAL	ENSG00000183337	BCOR	TCGA-STAD	6.743886202023799E-8	0.03686289124660633
GLOBAL	ENSG00000183337	BCOR	TCGA-COAD	1.7880142253105983E-17	9.773500317254768E-12
GLOBAL	ENSG00000183337	BCOR	TCGA-THYM	1.847880942669179E-20	1.0100738978342854E-14
GLOBAL	ENSG00000134982	APC	TCGA-STAD	2.9963663767369355E-9	0.0016378498179209298
GLOBAL	ENSG00000134982	APC	TCGA-SKCM	9.75437243928268E-10	5.331857027781184E-4
GLOBAL	ENSG00000134982	APC	TCGA-UVM	1.3511646114651508E-8	0.00738562790602189
GLOBAL	ENSG00000134982	APC	TCGA-COAD	4.327532896051364E-8	0.023654814113764282
GLOBAL	ENSG00000139687	RB1	TCGA-SARC	6.423477995592909E-10	3.511150154127031E-4
GLOBAL	ENSG00000139687	RB1	TCGA-BRCA	8.608556663780593E-20	4.7055403751024376E-14
GLOBAL	ENSG00000139687	RB1	TCGA-OV	2.844627964231097E-15	1.5549077807842884E-9
GLOBAL	ENSG00000139687	RB1	TCGA-LUAD	1.3492054843475784E-18	7.374919082101985E-13
GLOBAL	ENSG00000139687	RB1	TCGA-UCEC	2.581999664678944E-9	0.0014113520007094868
GLOBAL	ENSG00000124222	STX16	TCGA-THYM	1.2597319713738582E-14	6.885846123366074E-9
GLOBAL	ENSG00000158156	XKR8	TCGA-THYM	2.7415237491384154E-16	1.4985497795640476E-10
GLOBAL	ENSG00000163517	HDAC11	TCGA-THYM	1.7764347967894036E-9	9.710205771426495E-4
GLOBAL	ENSG00000066294	CD84	TCGA-THYM	2.592740251557705E-13	1.4172229343844602E-7
GLOBAL	ENSG00000232388	LINC00493	TCGA-THYM	5.14656375971312E-11	2.8131735098243082E-5
GLOBAL	ENSG00000177202	SPACA4	TCGA-THYM	1.0298107342712204E-8	0.005629069050814603
GLOBAL	ENSG00000119636	CCDC176	TCGA-THYM	8.609626250920721E-20	4.706125024268277E-14
GLOBAL	ENSG00000181555	SETD2	TCGA-LUAD	5.977565175656752E-21	3.2674088557960886E-15
GLOBAL	ENSG00000181555	SETD2	TCGA-SARC	1.0353139200869839E-10	5.659150124865865E-5
GLOBAL	ENSG00000181555	SETD2	TCGA-KIRC	5.174968849721648E-29	2.828700072884049E-23
GLOBAL	ENSG00000181555	SETD2	TCGA-KIRP	8.261474865818113E-12	4.515821299354571E-6
GLOBAL	ENSG00000181555	SETD2	TCGA-LGG	7.569679180135183E-12	4.137677476012053E-6
GLOBAL	ENSG00000169032	MAP2K1	TCGA-LUAD	3.621451056672136E-21	1.9795286049896694E-15
GLOBAL	ENSG00000169032	MAP2K1	TCGA-COAD	3.914620437903368E-11	2.1397785068032357E-5
GLOBAL	ENSG00000169032	MAP2K1	TCGA-BLCA	7.044244840604112E-9	0.0038504687608122952
GLOBAL	ENSG00000083223	ZCCHC6	TCGA-THYM	1.4985891266927115E-12	8.191467997197565E-7
GLOBAL	ENSG00000087460	GNAS	TCGA-COAD	1.0854776700230226E-11	5.933351201666244E-6
GLOBAL	ENSG00000087460	GNAS	TCGA-BRCA	9.285522781143127E-17	5.075578178446207E-11
GLOBAL	ENSG00000168036	CTNNB1	TCGA-STAD	3.81416448550982E-8	0.02084868077753494
GLOBAL	ENSG00000168036	CTNNB1	TCGA-LUAD	7.804411895961922E-15	4.265985195275538E-9
GLOBAL	ENSG00000129204	USP6	TCGA-BRCA	8.896722442796885E-20	4.863055247902091E-14
GLOBAL	ENSG00000129204	USP6	TCGA-THCA	1.932491987359893E-16	1.0563233101947658E-10
GLOBAL	ENSG00000129204	USP6	TCGA-COAD	6.631869367172068E-8	0.03625059378528659
GLOBAL	ENSG00000129204	USP6	TCGA-PRAD	9.274878223366413E-9	0.0050697597354307615
GLOBAL	ENSG00000172915	NBEA	TCGA-COAD	7.832164174182072E-8	0.04281154923578011
GLOBAL	ENSG00000184634	MED12	TCGA-LGG	7.061669652310102E-18	3.85999337198853E-12
GLOBAL	ENSG00000184634	MED12	TCGA-SARC	2.7364868753210173E-8	0.01495796563892972
GLOBAL	ENSG00000184634	MED12	TCGA-CESC	4.362584851652303E-12	2.384641230931369E-6
GLOBAL	ENSG00000128513	POT1	TCGA-LGG	4.759969577748558E-23	2.601856490832295E-17
GLOBAL	ENSG00000128513	POT1	TCGA-UCEC	3.6376696540758004E-11	1.9883938849536812E-5
GLOBAL	ENSG00000164190	NIPBL	TCGA-LGG	7.71424104772372E-14	4.216696727578358E-8
GLOBAL	ENSG00000213281	NRAS	TCGA-LGG	7.174881446037639E-21	3.921876296981526E-15
GLOBAL	ENSG00000213281	NRAS	TCGA-THYM	1.5441159596528638E-37	8.440323129377712E-32
GLOBAL	ENSG00000213281	NRAS	TCGA-UCEC	1.096624699501597E-13	5.994282202439669E-8
GLOBAL	ENSG00000213281	NRAS	TCGA-OV	2.603027724873542E-10	1.4228461907485766E-4
GLOBAL	ENSG00000213281	NRAS	TCGA-PRAD	1.2115790287447435E-8	0.006622636360602217
GLOBAL	ENSG00000213281	NRAS	TCGA-LUSC	1.1825890510970431E-8	0.006464173663982569
GLOBAL	ENSG00000213281	NRAS	TCGA-THCA	2.8908288412202175E-21	1.5801617345570656E-15
GLOBAL	ENSG00000213281	NRAS	TCGA-LUAD	7.314648182982861E-16	3.998274472596628E-10
GLOBAL	ENSG00000213281	NRAS	TCGA-TGCT	1.4218084601367493E-12	7.771775660122688E-7
GLOBAL	ENSG00000213281	NRAS	TCGA-COAD	1.2378654096117436E-8	0.006766320872786944
GLOBAL	ENSG00000141510	TP53	TCGA-THCA	1.3471092547578964E-11	7.363460839617233E-6
GLOBAL	ENSG00000141510	TP53	TCGA-OV	1.808394370270967E-11	9.88490063522554E-6
GLOBAL	ENSG00000141510	TP53	TCGA-HNSC	3.333730270183586E-14	1.82225697044559E-8
GLOBAL	ENSG00000141510	TP53	TCGA-PRAD	2.31209614247516E-9	0.0012638194966306322
GLOBAL	ENSG00000141510	TP53	TCGA-LGG	7.309279378867426E-15	3.995339819841482E-9
GLOBAL	ENSG00000141510	TP53	TCGA-BRCA	3.680655612141051E-19	2.0118905254636442E-13
GLOBAL	ENSG00000141510	TP53	TCGA-KIRP	3.707470951813317E-14	2.0265481119125808E-8
GLOBAL	ENSG00000141510	TP53	TCGA-UCEC	2.8743724929249933E-8	0.015711664971027165
GLOBAL	ENSG00000141510	TP53	TCGA-KIRC	3.5696078196944284E-25	1.951190469538811E-19
GLOBAL	ENSG00000141510	TP53	TCGA-COAD	1.305954916460407E-10	7.13850628796256E-5
GLOBAL	ENSG00000141510	TP53	TCGA-LUAD	5.2882947300860104E-18	2.8906453590017746E-12
GLOBAL	ENSG00000141510	TP53	TCGA-KICH	3.035258356127909E-9	0.0016591086405597887
GLOBAL	ENSG00000141510	TP53	TCGA-LIHC	2.9665194124456914E-10	1.6215351090757645E-4
GLOBAL	ENSG00000117713	ARID1A	TCGA-SARC	2.0434039230255192E-8	0.011169491051728252
GLOBAL	ENSG00000117713	ARID1A	TCGA-KIRC	1.9233801837756708E-21	1.051342689013987E-15
GLOBAL	ENSG00000117713	ARID1A	TCGA-LGG	2.3377705667863543E-21	1.2778534450522226E-15
GLOBAL	ENSG00000117713	ARID1A	TCGA-BRCA	1.1211811313024124E-20	6.1285106054347426E-15
GLOBAL	ENSG00000117713	ARID1A	TCGA-STAD	4.3922382155898874E-9	0.0024008501155000192
GLOBAL	ENSG00000117713	ARID1A	TCGA-LUAD	5.463702487037073E-20	2.9865253438443084E-14
GLOBAL	ENSG00000117713	ARID1A	TCGA-KIRP	2.2827632726612067E-14	1.2477857979958875E-8
GLOBAL	ENSG00000117713	ARID1A	TCGA-OV	1.4798462996055776E-8	0.00808901745520004
GLOBAL	ENSG00000168702	LRP1B	TCGA-BRCA	3.448067800388001E-20	1.884755236505686E-14
GLOBAL	ENSG00000168702	LRP1B	TCGA-OV	6.694882488995531E-15	3.659503107074825E-9
GLOBAL	ENSG00000168702	LRP1B	TCGA-THCA	3.4992217051457054E-16	1.9127165746931043E-10
GLOBAL	ENSG00000168702	LRP1B	TCGA-UVM	2.8464897681638606E-9	0.001555925465155584
GLOBAL	ENSG00000168702	LRP1B	TCGA-PRAD	7.132137348168643E-11	3.8985118601571584E-5
GLOBAL	ENSG00000168702	LRP1B	TCGA-KIRC	3.271800711210982E-27	1.7884055303564575E-21
GLOBAL	ENSG00000168702	LRP1B	TCGA-LUAD	6.301794143999971E-12	3.444636300640112E-6
GLOBAL	ENSG00000168702	LRP1B	TCGA-TGCT	1.6077306607413617E-9	8.788048719291572E-4
GLOBAL	ENSG00000125398	SOX9	TCGA-COAD	7.708461992415158E-15	4.213537826598034E-9
GLOBAL	ENSG00000065361	ERBB3	TCGA-COAD	7.800241849254211E-8	0.04263705797704542
GLOBAL	ENSG00000065361	ERBB3	TCGA-BRCA	4.2935394539722836E-14	2.346900188014698E-8
GLOBAL	ENSG00000100503	NIN	TCGA-COAD	6.177331842698096E-14	3.376603713200891E-8
GLOBAL	ENSG00000100503	NIN	TCGA-BRCA	1.2438698581064306E-19	6.799141908792722E-14
GLOBAL	ENSG00000085185	BCORL1	TCGA-COAD	1.7016888453666254E-16	9.301635431435419E-11
GLOBAL	ENSG00000085185	BCORL1	TCGA-SARC	2.3276048519396707E-9	0.0012722967433284472
GLOBAL	ENSG00000177426	TGIF1	TCGA-COAD	1.0776839225674452E-8	0.005890749642824363
GLOBAL	ENSG00000129993	CBFA2T3	TCGA-CESC	2.6477086279889657E-8	0.014472693085623045
GLOBAL	ENSG00000206503	HLA-A	TCGA-CESC	4.725467463522665E-9	0.002582997221171051
GLOBAL	ENSG00000206503	HLA-A	TCGA-LUSC	5.097306113475478E-8	0.027862486892990583
GLOBAL	ENSG00000064012	CASP8	TCGA-CESC	5.704101689841431E-13	3.1179304328876046E-7
GLOBAL	ENSG00000064012	CASP8	TCGA-STAD	6.024010718432779E-12	3.292796546823978E-6
GLOBAL	ENSG00000064012	CASP8	TCGA-BRCA	7.983068070333472E-14	4.363640804061119E-8
GLOBAL	ENSG00000108821	COL1A1	TCGA-CESC	2.2747357251753643E-8	0.012433978442095562
GLOBAL	ENSG00000134250	NOTCH2	TCGA-BRCA	2.9636906785223115E-19	1.6199888891684377E-13
GLOBAL	ENSG00000039068	CDH1	TCGA-BRCA	1.4599664006706282E-19	7.980351542033734E-14
GLOBAL	ENSG00000124693	HIST1H3B	TCGA-BRCA	1.0333344554692399E-19	5.648330133729522E-14
GLOBAL	ENSG00000124693	HIST1H3B	TCGA-BLCA	6.661989480402432E-8	0.03641523393861734
GLOBAL	ENSG00000065526	SPEN	TCGA-BRCA	8.902389362678885E-19	4.866152854312631E-13
GLOBAL	ENSG00000065526	SPEN	TCGA-KIRC	2.1681237282186688E-24	1.185122447329063E-18
GLOBAL	ENSG00000145675	PIK3R1	TCGA-BRCA	9.276817699902696E-23	5.0708198765792126E-17
GLOBAL	ENSG00000145675	PIK3R1	TCGA-HNSC	7.577480909508979E-9	0.004141941994908522
GLOBAL	ENSG00000145675	PIK3R1	TCGA-LGG	7.318571881545292E-17	4.000419213315235E-11
GLOBAL	ENSG00000145675	PIK3R1	TCGA-UCEC	3.159418182385775E-10	1.7269758915102533E-4
GLOBAL	ENSG00000145675	PIK3R1	TCGA-SARC	3.031081604665478E-10	1.656825578089406E-4
GLOBAL	ENSG00000125952	MAX	TCGA-BRCA	1.2283632778122975E-19	6.714381080115357E-14
GLOBAL	ENSG00000125952	MAX	TCGA-KIRC	3.8815673297621015E-26	2.1217112812559217E-20
GLOBAL	ENSG00000125952	MAX	TCGA-UCEC	4.274795753448157E-8	0.02336654656383804
GLOBAL	ENSG00000125952	MAX	TCGA-LGG	1.1336805246967331E-20	6.196833789655307E-15
GLOBAL	ENSG00000140396	NCOA2	TCGA-LUAD	5.2790931712078984E-18	2.8856156765002915E-12
GLOBAL	ENSG00000140396	NCOA2	TCGA-LUSC	1.0870206783661561E-9	5.941785470430813E-4
GLOBAL	ENSG00000163939	PBRM1	TCGA-LUAD	1.1732538937282459E-20	6.41314657358584E-15
GLOBAL	ENSG00000163939	PBRM1	TCGA-KIRC	6.550058226192982E-26	3.580340427135798E-20
GLOBAL	ENSG00000163939	PBRM1	TCGA-KIRP	2.4065083710363554E-17	1.3154263537089244E-11
GLOBAL	ENSG00000135333	EPHA7	TCGA-LUAD	4.902103770881733E-14	2.6795487464092057E-8
GLOBAL	ENSG00000135333	EPHA7	TCGA-THCA	1.0363039131391328E-21	5.664561545688076E-16
GLOBAL	ENSG00000135333	EPHA7	TCGA-OV	2.747283712590457E-8	0.01501698244706495
GLOBAL	ENSG00000133392	MYH11	TCGA-BRCA	1.1345209681322735E-17	6.2014277543271834E-12
GLOBAL	ENSG00000133392	MYH11	TCGA-LGG	2.5970192531666667E-19	1.419561888011938E-13
GLOBAL	ENSG00000121879	PIK3CA	TCGA-BRCA	2.2103313007872208E-20	1.2081936129859044E-14
GLOBAL	ENSG00000121879	PIK3CA	TCGA-KIRC	1.8987530276217408E-31	1.037881189934375E-25
GLOBAL	ENSG00000121879	PIK3CA	TCGA-HNSC	1.6993866254294494E-8	0.009289051220992424
GLOBAL	ENSG00000121879	PIK3CA	TCGA-UCEC	5.099731490861415E-13	2.78757442968274E-7
GLOBAL	ENSG00000121879	PIK3CA	TCGA-KIRP	2.8300357841217504E-17	1.5469315200303583E-11
GLOBAL	ENSG00000121879	PIK3CA	TCGA-COAD	2.1673532188562464E-12	1.1847012776654504E-6
GLOBAL	ENSG00000121879	PIK3CA	TCGA-OV	1.9833120546752532E-11	1.0841021688301495E-5
GLOBAL	ENSG00000121879	PIK3CA	TCGA-LGG	3.401380633167689E-11	1.859235470657057E-5
GLOBAL	ENSG00000121879	PIK3CA	TCGA-LUAD	1.0607009981719528E-17	5.797918940127675E-12
GLOBAL	ENSG00000121879	PIK3CA	TCGA-SARC	3.82404771134634E-9	0.0020902703675944457
GLOBAL	ENSG00000121879	PIK3CA	TCGA-TGCT	6.815187561530266E-15	3.725263303383182E-9
GLOBAL	ENSG00000149311	ATM	TCGA-BRCA	1.7482129614728008E-17	9.555941832965707E-12
GLOBAL	ENSG00000149311	ATM	TCGA-KIRC	5.0472068088729917E-29	2.758863808211684E-23
GLOBAL	ENSG00000149311	ATM	TCGA-LUAD	5.215207676236374E-18	2.850695098322917E-12
GLOBAL	ENSG00000149311	ATM	TCGA-STAD	1.2363431794771243E-10	6.758000180203498E-5
GLOBAL	ENSG00000149311	ATM	TCGA-UCEC	2.2882870961186495E-10	1.2508051861836073E-4
GLOBAL	ENSG00000149311	ATM	TCGA-COAD	2.0887719613529965E-10	1.1417478193390842E-4
GLOBAL	ENSG00000149311	ATM	TCGA-THCA	8.944633181874957E-18	4.8892438328110335E-12
GLOBAL	ENSG00000080824	HSP90AA1	TCGA-BRCA	6.080283580422642E-15	3.3235559684619814E-9
GLOBAL	ENSG00000080824	HSP90AA1	TCGA-THCA	1.5429739677042957E-8	0.008434080864347803
GLOBAL	ENSG00000005339	CREBBP	TCGA-BRCA	3.2995775815453175E-18	1.803588701003649E-12
GLOBAL	ENSG00000005339	CREBBP	TCGA-BLCA	2.310922932541399E-9	0.0012631782060023192
GLOBAL	ENSG00000005339	CREBBP	TCGA-HNSC	4.6936396745724074E-9	0.002565599769797373
GLOBAL	ENSG00000141646	SMAD4	TCGA-BRCA	9.917055932183382E-18	5.420781777202623E-12
GLOBAL	ENSG00000141646	SMAD4	TCGA-PRAD	3.9995188539670666E-8	0.021861849998046464
GLOBAL	ENSG00000141646	SMAD4	TCGA-CESC	1.5038904505843603E-11	8.220445669748184E-6
GLOBAL	ENSG00000163930	BAP1	TCGA-KIRC	6.2149534787041706E-24	3.397168150901444E-18
GLOBAL	ENSG00000163930	BAP1	TCGA-BRCA	4.0489933055802624E-20	2.2132283287498383E-14
GLOBAL	ENSG00000163930	BAP1	TCGA-UVM	3.625254497435792E-11	1.9816076113523732E-5
GLOBAL	ENSG00000163930	BAP1	TCGA-KIRP	2.5733184379914287E-16	1.4066067380273707E-10
GLOBAL	ENSG00000163930	BAP1	TCGA-SKCM	1.063719465193993E-9	5.81441824308619E-4
GLOBAL	ENSG00000079999	KEAP1	TCGA-KIRC	4.389350137270049E-22	2.399271457233456E-16
GLOBAL	ENSG00000079999	KEAP1	TCGA-LUAD	8.926108092683627E-19	4.879117796757983E-13
GLOBAL	ENSG00000197548	ATG7	TCGA-KIRC	1.8188090356848173E-24	9.941828446137495E-19
GLOBAL	ENSG00000101972	STAG2	TCGA-KIRC	4.395187947551702E-22	2.4024624743871305E-16
GLOBAL	ENSG00000101972	STAG2	TCGA-THCA	2.1162488133905702E-13	1.1567669963850464E-7
GLOBAL	ENSG00000101972	STAG2	TCGA-KIRP	1.3401328325235257E-14	7.325326878513494E-9
GLOBAL	ENSG00000126012	KDM5C	TCGA-KIRC	2.9832323619563927E-24	1.6306706078337078E-18
GLOBAL	ENSG00000130940	CASZ1	TCGA-PRAD	9.670281563258457E-10	5.285891945855832E-4
GLOBAL	ENSG00000051382	PIK3CB	TCGA-PRAD	6.460440940107493E-8	0.03531354543154037
GLOBAL	ENSG00000051382	PIK3CB	TCGA-BLCA	6.6674368091325195E-9	0.003644500969113545
GLOBAL	ENSG00000174775	HRAS	TCGA-PRAD	6.682322727040488E-16	3.6526377904730556E-10
GLOBAL	ENSG00000174775	HRAS	TCGA-BLCA	4.854515514276152E-8	0.02653536434289516
GLOBAL	ENSG00000174775	HRAS	TCGA-PCPG	2.1285451042288389E-10	1.1634882965127341E-4
GLOBAL	ENSG00000174775	HRAS	TCGA-THCA	2.2834867734559114E-17	1.2481812722122826E-11
GLOBAL	ENSG00000174775	HRAS	TCGA-COAD	2.031530914323489E-13	1.1104591761401908E-7
GLOBAL	ENSG00000174775	HRAS	TCGA-BRCA	1.784703317372814E-15	9.755402497157886E-10
GLOBAL	ENSG00000174775	HRAS	TCGA-HNSC	9.075952789465075E-9	0.004961024706155084
GLOBAL	ENSG00000179295	PTPN11	TCGA-LGG	2.40041374427377E-13	1.312094957584974E-7
GLOBAL	ENSG00000179295	PTPN11	TCGA-COAD	4.892561176884105E-11	2.6743326500189743E-5
GLOBAL	ENSG00000138336	TET1	TCGA-STAD	1.4282893707440247E-9	7.807201095211328E-4
GLOBAL	ENSG00000138336	TET1	TCGA-KIRP	1.0628190084301546E-18	5.809496238360236E-13
GLOBAL	ENSG00000148400	NOTCH1	TCGA-TGCT	2.3354059285971318E-14	1.2765609054423354E-8
GLOBAL	ENSG00000148400	NOTCH1	TCGA-OV	8.093730851376068E-8	0.044241304081323755
GLOBAL	ENSG00000148400	NOTCH1	TCGA-LGG	3.897302124778048E-9	0.002130312109029178
GLOBAL	ENSG00000148400	NOTCH1	TCGA-UCEC	1.5843731884863318E-8	0.008660373973048908
GLOBAL	ENSG00000152217	SETBP1	TCGA-KIRC	1.9541802489574453E-29	1.0681783742431271E-23
GLOBAL	ENSG00000152217	SETBP1	TCGA-THCA	6.541939028458733E-12	3.575902376223885E-6
GLOBAL	ENSG00000152217	SETBP1	TCGA-PCPG	5.31812123167395E-13	2.9069488826877617E-7
GLOBAL	ENSG00000186575	NF2	TCGA-KIRC	7.499144936620498E-22	4.099122612096004E-16
GLOBAL	ENSG00000186575	NF2	TCGA-OV	1.0402087687535888E-16	5.685905955059367E-11
GLOBAL	ENSG00000186575	NF2	TCGA-KIRP	2.135941737760901E-17	1.1675313851609616E-11
GLOBAL	ENSG00000044524	EPHA3	TCGA-COAD	3.1798073464642753E-10	1.7381208532655306E-4
GLOBAL	ENSG00000044524	EPHA3	TCGA-BRCA	2.745161427140257E-21	1.5005381780119901E-15
GLOBAL	ENSG00000105976	MET	TCGA-KIRP	9.788373065115955E-24	5.350442177869163E-18
GLOBAL	ENSG00000105976	MET	TCGA-KIRC	1.8853420820234236E-27	1.0305506061389876E-21
GLOBAL	ENSG00000105976	MET	TCGA-LGG	8.16939428113391E-14	4.4654889467991685E-8
GLOBAL	ENSG00000171862	PTEN	TCGA-KIRP	5.185390687920153E-16	2.8343967747054106E-10
GLOBAL	ENSG00000171862	PTEN	TCGA-THCA	2.171583034060272E-18	1.1870133454137536E-12
GLOBAL	ENSG00000171862	PTEN	TCGA-CESC	2.5800849493629865E-9	0.001410305394341201
GLOBAL	ENSG00000171862	PTEN	TCGA-HNSC	1.7217326177701845E-11	9.411197096645962E-6
GLOBAL	ENSG00000171862	PTEN	TCGA-UCEC	1.0030944487947902E-11	5.4830346284461785E-6
GLOBAL	ENSG00000171862	PTEN	TCGA-KIRC	4.455129537896926E-25	2.4352272669689143E-19
GLOBAL	ENSG00000171862	PTEN	TCGA-BRCA	8.59003092974187E-22	4.695413986568063E-16
GLOBAL	ENSG00000171862	PTEN	TCGA-LGG	1.3671927428032005E-14	7.47323959529143E-9
GLOBAL	ENSG00000171862	PTEN	TCGA-COAD	1.8982176227716152E-12	1.037588531218438E-6
GLOBAL	ENSG00000173575	CHD2	TCGA-KIRP	7.149118814309106E-16	3.9077941333271294E-10
GLOBAL	ENSG00000173575	CHD2	TCGA-SARC	1.1295962631941995E-9	6.174508726171078E-4
GLOBAL	ENSG00000173575	CHD2	TCGA-BLCA	2.720677839117268E-10	1.487155154995568E-4
GLOBAL	ENSG00000083168	KAT6A	TCGA-KIRP	7.108344416477302E-16	3.8855063581794907E-10
GLOBAL	ENSG00000083168	KAT6A	TCGA-PRAD	9.405160702604974E-10	5.140973701972311E-4
GLOBAL	ENSG00000116044	NFE2L2	TCGA-KIRP	2.6355412198426004E-24	1.4406184572606034E-18
GLOBAL	ENSG00000116044	NFE2L2	TCGA-UCEC	1.8948103858022154E-9	0.0010357260946041204
GLOBAL	ENSG00000116044	NFE2L2	TCGA-HNSC	4.3290347521286753E-10	2.3663023439305595E-4
GLOBAL	ENSG00000116044	NFE2L2	TCGA-CESC	8.313748809488121E-8	0.04544394864251921
GLOBAL	ENSG00000139718	SETD1B	TCGA-OV	2.7546264837565868E-11	1.5057118915391555E-5
GLOBAL	ENSG00000118058	KMT2A	TCGA-OV	1.8103625424765356E-13	9.895658900681841E-8
GLOBAL	ENSG00000118058	KMT2A	TCGA-THCA	2.0269718807807875E-26	1.1079671536973479E-20
GLOBAL	ENSG00000141736	ERBB2	TCGA-OV	1.3553630906120447E-8	0.00740857729685631
GLOBAL	ENSG00000141736	ERBB2	TCGA-BRCA	3.3906005850784087E-16	1.853342967010879E-10
GLOBAL	ENSG00000141736	ERBB2	TCGA-KIRP	3.721912923943886E-20	2.0344422671828156E-14
GLOBAL	ENSG00000123572	NRK	TCGA-LUSC	1.4530808364549909E-8	0.007942714221763354
GLOBAL	ENSG00000164330	EBF1	TCGA-LUSC	5.244122843222786E-9	0.0028665004755796934
GLOBAL	ENSG00000196712	NF1	TCGA-THCA	8.610627042279042E-10	4.706672068834232E-4
GLOBAL	ENSG00000196712	NF1	TCGA-PCPG	6.0624476246210065E-9	0.003313806620989338
GLOBAL	ENSG00000196712	NF1	TCGA-OV	2.3895060724615404E-12	1.3061326932803476E-6
GLOBAL	ENSG00000196712	NF1	TCGA-LUAD	3.9562291791985137E-19	2.162522344100058E-13
GLOBAL	ENSG00000196712	NF1	TCGA-KIRC	1.3375089050389715E-26	7.310984176011624E-21
GLOBAL	ENSG00000196712	NF1	TCGA-BRCA	3.155886327062016E-13	1.7250453370080226E-7
GLOBAL	ENSG00000196712	NF1	TCGA-LGG	3.501127927878161E-8	0.019137585389133373
GLOBAL	ENSG00000196712	NF1	TCGA-LUSC	3.6713855747436537E-9	0.002006823411781778
GLOBAL	ENSG00000100285	NEFH	TCGA-THCA	3.785794890830123E-18	2.0693609168664353E-12
GLOBAL	ENSG00000180370	PAK2	TCGA-THCA	1.7194587782864982E-16	9.398768017167394E-11
GLOBAL	ENSG00000198793	MTOR	TCGA-BRCA	2.2767631100173364E-14	1.2445060370927964E-8
GLOBAL	ENSG00000198793	MTOR	TCGA-KIRC	6.060029121971133E-23	3.312484638418885E-17
GLOBAL	ENSG00000198793	MTOR	TCGA-SARC	1.0774176741018386E-10	5.889294296761542E-5
GLOBAL	ENSG00000198793	MTOR	TCGA-UCEC	4.4426004450068326E-13	2.4283787144460746E-7
GLOBAL	ENSG00000198793	MTOR	TCGA-LGG	1.4878871107012607E-11	8.132969493546376E-6
GLOBAL	ENSG00000198793	MTOR	TCGA-COAD	9.747393010389829E-12	5.3280419881952054E-6
GLOBAL	ENSG00000182901	RGS7	TCGA-BRCA	3.635881297225315E-15	1.987416347638924E-9
GLOBAL	ENSG00000182901	RGS7	TCGA-LUAD	6.59568175831857E-19	3.60527879727803E-13
GLOBAL	ENSG00000136826	KLF4	TCGA-BRCA	2.8171174579697153E-18	1.539870207935742E-12
GLOBAL	ENSG00000113721	PDGFRB	TCGA-BRCA	1.765701210824426E-13	9.651534702511612E-8
GLOBAL	ENSG00000067560	RHOA	TCGA-HNSC	3.62981020786698E-8	0.019840978173425856
GLOBAL	ENSG00000196090	PTPRT	TCGA-HNSC	7.443010374706663E-9	0.0040684387869391585
GLOBAL	ENSG00000165671	NSD1	TCGA-STAD	4.703441934096583E-10	2.5709578024804016E-4
GLOBAL	ENSG00000115760	BIRC6	TCGA-TGCT	1.3956108599525653E-8	0.007628576433803916
GLOBAL	ENSG00000115760	BIRC6	TCGA-HNSC	1.1138506739506357E-10	6.0884414458950485E-5
GLOBAL	ENSG00000115760	BIRC6	TCGA-COAD	2.062208149038178E-8	0.011272277207620566
GLOBAL	ENSG00000115760	BIRC6	TCGA-PCPG	4.720750199757056E-12	2.580418708189604E-6
GLOBAL	ENSG00000115760	BIRC6	TCGA-UCEC	8.237296294788023E-8	0.04502605002286671
GLOBAL	ENSG00000133703	KRAS	TCGA-TGCT	5.246604898260108E-15	2.867857196647754E-9
GLOBAL	ENSG00000133703	KRAS	TCGA-OV	1.368411298950122E-14	7.479900369417241E-9
GLOBAL	ENSG00000133703	KRAS	TCGA-BRCA	4.173846576398979E-16	2.2814746248185988E-10
GLOBAL	ENSG00000133703	KRAS	TCGA-KIRP	1.0628113114782293E-15	5.809454165897378E-10
GLOBAL	ENSG00000133703	KRAS	TCGA-UCEC	5.40096660598749E-12	2.952233158432034E-6
GLOBAL	ENSG00000133703	KRAS	TCGA-BLCA	1.5257439866038555E-9	8.339899720055066E-4
GLOBAL	ENSG00000133703	KRAS	TCGA-COAD	6.598818764297424E-9	0.003606993522390144
GLOBAL	ENSG00000133703	KRAS	TCGA-THCA	2.3412891205123232E-11	1.279776728741482E-5
GLOBAL	ENSG00000133703	KRAS	TCGA-STAD	1.0092817823319758E-8	0.0055168553360404595
GLOBAL	ENSG00000133703	KRAS	TCGA-LUAD	4.856067039682046E-16	2.654384516694682E-10
GLOBAL	ENSG00000083799	CYLD	TCGA-THYM	1.5155253457576917E-19	8.284043402953033E-14
GLOBAL	ENSG00000083799	CYLD	TCGA-HNSC	1.785247822370538E-8	0.009758378826816044
GLOBAL	ENSG00000140836	ZFHX3	TCGA-THYM	5.7377659382701874E-36	3.136331715049744E-30
GLOBAL	ENSG00000140836	ZFHX3	TCGA-BRCA	8.055534133276925E-21	4.4032516236587665E-15
GLOBAL	ENSG00000140836	ZFHX3	TCGA-PRAD	3.582339796287298E-8	0.019581499207281926
GLOBAL	ENSG00000115524	SF3B1	TCGA-THYM	6.991201730371058E-14	3.8214747602415845E-8
GLOBAL	ENSG00000115524	SF3B1	TCGA-BRCA	1.2576198809439992E-15	6.874301183625613E-10
GLOBAL	ENSG00000115524	SF3B1	TCGA-UVM	1.918851434550031E-10	1.0488672203422616E-4
GLOBAL	ENSG00000115524	SF3B1	TCGA-KIRC	3.301470406348154E-25	1.8046233417547772E-19
GLOBAL	ENSG00000103197	TSC2	TCGA-BLCA	1.322492859621178E-8	0.0072289046698325145
GLOBAL	ENSG00000167548	KMT2D	TCGA-KICH	2.8938332733571717E-8	0.015818039932163103
GLOBAL	ENSG00000167548	KMT2D	TCGA-CESC	6.886767694874593E-9	0.003764389863230791
GLOBAL	ENSG00000167548	KMT2D	TCGA-UCEC	4.560213882599298E-11	2.4926676307953676E-5
GLOBAL	ENSG00000167548	KMT2D	TCGA-BRCA	1.108992676324168E-15	6.061887047909061E-10
GLOBAL	ENSG00000167548	KMT2D	TCGA-OV	3.75111721215839E-9	0.0020504056815723215
GLOBAL	ENSG00000167548	KMT2D	TCGA-PRAD	3.4572265434255505E-10	1.889761515354927E-4
GLOBAL	ENSG00000055609	KMT2C	TCGA-OV	9.793111202468494E-11	5.3530321006037084E-5
GLOBAL	ENSG00000055609	KMT2C	TCGA-LUSC	8.656021522924017E-9	0.004731485236688543
GLOBAL	ENSG00000055609	KMT2C	TCGA-UCEC	7.33489556445733E-12	4.00934193427915E-6
GLOBAL	ENSG00000055609	KMT2C	TCGA-KIRC	8.475997373578952E-27	4.633081876366738E-21
GLOBAL	ENSG00000055609	KMT2C	TCGA-KIRP	2.653610864226462E-18	1.450495541716555E-12
GLOBAL	ENSG00000055609	KMT2C	TCGA-BLCA	6.704825742608027E-8	0.036649382088184586
GLOBAL	ENSG00000055609	KMT2C	TCGA-PCPG	1.7854305340151534E-12	9.75937755059091E-7
GLOBAL	ENSG00000055609	KMT2C	TCGA-LUAD	2.0872854094913126E-14	1.1409352522528654E-8
GLOBAL	ENSG00000055609	KMT2C	TCGA-BRCA	1.057965121571326E-17	5.782964310323457E-12
GLOBAL	ENSG00000055609	KMT2C	TCGA-CESC	2.7122628249732713E-9	0.0014825554072842898
GLOBAL	ENSG00000055609	KMT2C	TCGA-THCA	1.2521227322697478E-9	6.844253109314313E-4
GLOBAL	ENSG00000114861	FOXP1	TCGA-PRAD	1.8981796386256764E-9	0.0010375677686284583
GLOBAL	ENSG00000138413	IDH1	TCGA-PRAD	8.038367774421243E-9	0.004393868285911945
GLOBAL	ENSG00000138413	IDH1	TCGA-SARC	7.287025144529121E-9	0.003983175388301352
GLOBAL	ENSG00000138413	IDH1	TCGA-LGG	6.108235367118267E-20	3.33883475049125E-14
GLOBAL	ENSG00000138413	IDH1	TCGA-SKCM	4.0344663476999375E-8	0.022052877192489582
GLOBAL	ENSG00000036257	CUL3	TCGA-KIRP	4.4752814258465284E-10	2.4462425307448225E-4
GLOBAL	ENSG00000127870	RNF6	TCGA-COAD	1.1465389377748214E-9	6.267119418549707E-4
GLOBAL	ENSG00000127616	SMARCA4	TCGA-COAD	3.0342924730481388E-18	1.6585806772777892E-12
GLOBAL	ENSG00000127616	SMARCA4	TCGA-KIRP	4.889388925817874E-20	2.6725986595191596E-14
GLOBAL	ENSG00000127616	SMARCA4	TCGA-LGG	1.4959803187345096E-12	8.177207939841077E-7
GLOBAL	ENSG00000127616	SMARCA4	TCGA-LUAD	7.389660860127045E-16	4.039277302075764E-10
GLOBAL	ENSG00000154803	FLCN	TCGA-COAD	1.1920891552170285E-12	6.516102373114904E-7
GLOBAL	ENSG00000102974	CTCF	TCGA-BRCA	3.865839065647862E-18	2.1131140233519092E-12
GLOBAL	ENSG00000102974	CTCF	TCGA-UCEC	5.92447408794124E-12	3.238388630157737E-6
GLOBAL	ENSG00000147050	KDM6A	TCGA-KIRP	9.054086880214922E-16	4.949072537768039E-10
GLOBAL	ENSG00000147050	KDM6A	TCGA-BLCA	3.503089897654068E-8	0.019148309751364855
GLOBAL	ENSG00000147050	KDM6A	TCGA-BRCA	5.501382826589666E-19	3.007121869607831E-13
GLOBAL	ENSG00000198455	ZXDB	TCGA-BRCA	3.5925144879855434E-18	1.963711529306754E-12
GLOBAL	ENSG00000196159	FAT4	TCGA-BRCA	4.489154876619228E-16	2.453825925418589E-10
GLOBAL	ENSG00000196159	FAT4	TCGA-LUAD	3.8830765507383987E-17	2.1225362395522176E-11
GLOBAL	ENSG00000196159	FAT4	TCGA-COAD	2.197598509911632E-12	1.201233716699817E-6
GLOBAL	ENSG00000196159	FAT4	TCGA-SKCM	1.6790059380869608E-10	9.177647938295898E-5
GLOBAL	ENSG00000196159	FAT4	TCGA-TGCT	4.552358633827507E-11	2.488373857553721E-5
GLOBAL	ENSG00000196914	ARHGEF12	TCGA-BRCA	3.025344226708493E-17	1.653689458449583E-11
GLOBAL	ENSG00000196914	ARHGEF12	TCGA-STAD	3.0427346810652356E-8	0.016631952894864306
GLOBAL	ENSG00000171094	ALK	TCGA-BRCA	2.1732439391302644E-18	1.187921216055872E-12
GLOBAL	ENSG00000181690	PLAG1	TCGA-BRCA	5.172106656246085E-23	2.827135563583985E-17
GLOBAL	ENSG00000109906	ZBTB16	TCGA-BRCA	8.097596890246474E-15	4.4262436313714055E-9
GLOBAL	ENSG00000109906	ZBTB16	TCGA-PRAD	1.7206987630311474E-8	0.009405545922579816
GLOBAL	ENSG00000157764	BRAF	TCGA-BRCA	7.656202094223892E-17	4.1849719391279095E-11
GLOBAL	ENSG00000157764	BRAF	TCGA-LGG	6.515018632942995E-16	3.5611873649902364E-10
GLOBAL	ENSG00000157764	BRAF	TCGA-KIRP	4.450667533201694E-20	2.4327882816584445E-14
GLOBAL	ENSG00000157764	BRAF	TCGA-COAD	5.959669576350859E-13	3.2576269064682955E-7
GLOBAL	ENSG00000157764	BRAF	TCGA-THCA	2.0526288241799199E-19	1.1219915468426343E-13
GLOBAL	ENSG00000157764	BRAF	TCGA-LUAD	4.525578444384E-14	2.473735484641627E-8
GLOBAL	ENSG00000157764	BRAF	TCGA-OV	7.42404304648291E-9	0.0040580710177241155
GLOBAL	ENSG00000171456	ASXL1	TCGA-BRCA	1.3300317343670477E-20	7.270113063858407E-15
GLOBAL	ENSG00000171456	ASXL1	TCGA-HNSC	2.1988274731534677E-8	0.012019054827553633
GLOBAL	ENSG00000171456	ASXL1	TCGA-KIRC	6.817602898756191E-22	3.7265835556949193E-16
GLOBAL	ENSG00000070756	PABPC1	TCGA-THCA	6.5458332317426715E-22	3.578030994469325E-16
GLOBAL	ENSG00000165731	RET	TCGA-THCA	3.693302073957151E-18	2.018803233249866E-12
GLOBAL	ENSG00000165731	RET	TCGA-PCPG	2.367438648941061E-12	1.2940703747749713E-6
GLOBAL	ENSG00000165731	RET	TCGA-LUAD	3.555841535529562E-18	1.943665653418885E-12
GLOBAL	ENSG00000090857	PDPR	TCGA-THCA	4.1162268059403346E-20	2.249978966848658E-14
GLOBAL	ENSG00000049618	ARID1B	TCGA-LGG	3.007365991673315E-15	1.6438623394405341E-9
GLOBAL	ENSG00000049618	ARID1B	TCGA-BRCA	7.187135891261994E-17	3.9285747237945006E-11
GLOBAL	ENSG00000197993	KEL	TCGA-LGG	3.0571640303983923E-17	1.6710825449841262E-11
GLOBAL	ENSG00000106462	EZH2	TCGA-LUAD	2.3187444863140852E-14	1.2674535611531148E-8
GLOBAL	ENSG00000189079	ARID2	TCGA-STAD	6.33670167438308E-8	0.03463717175637884
GLOBAL	ENSG00000189079	ARID2	TCGA-LUAD	5.173263063269061E-19	2.827767669539628E-13
GLOBAL	ENSG00000189079	ARID2	TCGA-LGG	6.871890356672899E-24	3.756257731641687E-18
GLOBAL	ENSG00000189079	ARID2	TCGA-THCA	6.9064422677554E-17	3.775144220862315E-11
GLOBAL	ENSG00000138814	PPP3CA	TCGA-STAD	3.074742357981802E-8	0.016806910697811487
GLOBAL	ENSG00000077782	FGFR1	TCGA-PCPG	1.968666256559946E-14	1.0760965998307453E-8
GLOBAL	ENSG00000077782	FGFR1	TCGA-BLCA	1.097676900154782E-10	6.0000336574740566E-5
GLOBAL	ENSG00000160294	MCM3AP	TCGA-HNSC	7.306481256816817E-11	3.993810332751154E-5
GLOBAL	ENSG00000196367	TRRAP	TCGA-HNSC	3.418594806112303E-9	0.0018686449441586582
GLOBAL	ENSG00000012048	BRCA1	TCGA-BRCA	1.4566438440061737E-19	7.962190048599027E-14
GLOBAL	ENSG00000012048	BRCA1	TCGA-OV	1.5188087032703298E-10	8.301990629120015E-5
GLOBAL	ENSG00000146648	EGFR	TCGA-BRCA	4.6449539151283617E-20	2.538987549456144E-14
GLOBAL	ENSG00000146648	EGFR	TCGA-LGG	5.4263737441674943E-11	2.9661210050468826E-5
GLOBAL	ENSG00000146648	EGFR	TCGA-COAD	1.9309663250368176E-8	0.01055489364861025
GLOBAL	ENSG00000146648	EGFR	TCGA-LUAD	2.9266960175312157E-20	1.5997671635347728E-14
GLOBAL	ENSG00000066117	SMARCD1	TCGA-BRCA	1.440494585883397E-17	7.873916265788954E-12
GLOBAL	ENSG00000147140	NONO	TCGA-BRCA	2.985340539704292E-16	1.6318229630888424E-10
GLOBAL	ENSG00000197888	UGT2B17	TCGA-OV	6.411872069659739E-10	3.50480621574085E-4
GLOBAL	ENSG00000127329	PTPRB	TCGA-OV	2.9608043191473048E-9	0.0016184111704977467
GLOBAL	ENSG00000046889	PREX2	TCGA-BLCA	4.5461357175589285E-9	0.002484972336846321
GLOBAL	ENSG00000046889	PREX2	TCGA-PRAD	1.01800607558788E-8	0.005564543369892423
GLOBAL	ENSG00000046889	PREX2	TCGA-BRCA	1.594110290094555E-19	8.71359813889165E-14
GLOBAL	ENSG00000147889	CDKN2A	TCGA-BRCA	1.214390063708218E-12	6.638001815036764E-7
GLOBAL	ENSG00000147889	CDKN2A	TCGA-GBM	3.7217594132267516E-8	0.02034358356382701
GLOBAL	ENSG00000147889	CDKN2A	TCGA-KIRC	2.9166310915134577E-27	1.5942655541943541E-21
GLOBAL	ENSG00000147889	CDKN2A	TCGA-LUAD	1.5408562124408803E-16	8.422504959947345E-11
GLOBAL	ENSG00000147889	CDKN2A	TCGA-LGG	5.982453970976901E-13	3.270081129983625E-7
GLOBAL	ENSG00000147889	CDKN2A	TCGA-BLCA	2.981000256182758E-8	0.016294505120325695
GLOBAL	ENSG00000147889	CDKN2A	TCGA-SARC	2.7242263808834942E-8	0.014890948305074885
GLOBAL	ENSG00000108375	RNF43	TCGA-COAD	7.96815683065022E-9	0.0043554901415153785
GLOBAL	ENSG00000065559	MAP2K4	TCGA-BRCA	4.3289504264303164E-20	2.3662562504919283E-14
GLOBAL	ENSG00000065559	MAP2K4	TCGA-COAD	4.8245907775718344E-11	2.6371792141100956E-5
GLOBAL	ENSG00000128714	HOXD13	TCGA-BRCA	3.9332832486952495E-16	2.1499798231358078E-10
GLOBAL	ENSG00000084676	NCOA1	TCGA-BRCA	9.751836981427792E-23	5.330471116092208E-17
GLOBAL	ENSG00000137497	NUMA1	TCGA-BRCA	4.313637536026497E-17	2.3578860408425157E-11
GLOBAL	ENSG00000204217	BMPR2	TCGA-STAD	2.82627963604667E-13	1.5448783644187423E-7
GLOBAL	ENSG00000157168	NRG1	TCGA-STAD	3.4607365105819614E-9	0.001891680105522227
GLOBAL	ENSG00000167258	CDK12	TCGA-OV	3.1332175032334605E-11	1.7126542858774485E-5
GLOBAL	ENSG00000163629	PTPN13	TCGA-BRCA	1.4095487257129823E-19	7.704762480594247E-14
GLOBAL	ENSG00000165323	FAT3	TCGA-BRCA	2.836495637758011E-22	1.5504625535461818E-16
GLOBAL	ENSG00000165323	FAT3	TCGA-LUSC	3.418765265931325E-8	0.018687381195412533
GLOBAL	ENSG00000165323	FAT3	TCGA-COAD	2.899691907200413E-10	1.585006392778632E-4
GLOBAL	ENSG00000165323	FAT3	TCGA-THCA	6.124099124431649E-16	3.347506070603832E-10
GLOBAL	ENSG00000111276	CDKN1B	TCGA-BRCA	9.282760475604615E-15	5.0740682690911895E-9
GLOBAL	ENSG00000111276	CDKN1B	TCGA-LIHC	4.208299164571261E-8	0.023003068229446262
GLOBAL	ENSG00000121989	ACVR2A	TCGA-COAD	5.293790252778065E-13	2.8936492776515236E-7
GLOBAL	ENSG00000139263	LRIG3	TCGA-LUAD	2.2567126284255604E-24	1.2335462032489525E-18
GLOBAL	ENSG00000166501	PRKCB	TCGA-SKCM	6.985930315346543E-8	0.038185933415322046
GLOBAL	ENSG00000153707	PTPRD	TCGA-BRCA	2.0725559369645596E-17	1.1328839458160718E-11
GLOBAL	ENSG00000257923	CUX1	TCGA-THCA	9.837828709093188E-22	5.377475226334846E-16
GLOBAL	ENSG00000257923	CUX1	TCGA-BRCA	2.3643695253005615E-16	1.2923927549635904E-10
GLOBAL	ENSG00000257923	CUX1	TCGA-UCEC	9.16695779378847E-9	0.005010769133578303
GLOBAL	ENSG00000257923	CUX1	TCGA-LUAD	6.759206374033817E-17	3.694663314523373E-11
GLOBAL	ENSG00000185958	FAM186A	TCGA-THCA	3.1729016738743018E-27	1.73434612975978E-21
GLOBAL	ENSG00000178104	PDE4DIP	TCGA-THCA	1.4564750951595883E-14	7.961267647153729E-9
GLOBAL	ENSG00000143322	ABL2	TCGA-THCA	2.0337719234497478E-25	1.1116841386207137E-19
GLOBAL	ENSG00000143322	ABL2	TCGA-BRCA	2.8739892695698253E-17	1.5709570226181013E-11
GLOBAL	ENSG00000173821	RNF213	TCGA-UCEC	8.365334035739898E-11	4.572591967943857E-5
GLOBAL	ENSG00000173821	RNF213	TCGA-PRAD	1.5016002371072722E-9	8.207927088056803E-4
GLOBAL	ENSG00000173821	RNF213	TCGA-BLCA	1.7957792426064433E-9	9.815944833595931E-4
GLOBAL	ENSG00000083857	FAT1	TCGA-UVM	1.3432338235746984E-9	7.34227726771813E-4
GLOBAL	ENSG00000083857	FAT1	TCGA-OV	6.039145078578033E-11	3.301069169691696E-5
GLOBAL	ENSG00000083857	FAT1	TCGA-UCEC	7.685010968536739E-9	0.004200719215533804
GLOBAL	ENSG00000083857	FAT1	TCGA-LUSC	1.7089479263709807E-8	0.009341314439294946
GLOBAL	ENSG00000083857	FAT1	TCGA-BRCA	7.405518535306888E-21	4.047945297621168E-15
GLOBAL	ENSG00000083857	FAT1	TCGA-CESC	5.881286912004562E-11	3.214782001544637E-5
GLOBAL	ENSG00000173674	EIF1AX	TCGA-THCA	3.3643428156416986E-26	1.8389901551435403E-20
GLOBAL	ENSG00000173674	EIF1AX	TCGA-PRAD	9.668725294917414E-10	5.285041270905398E-4
GLOBAL	ENSG00000100393	EP300	TCGA-COAD	5.812419236813333E-12	3.177138103873009E-6
GLOBAL	ENSG00000100393	EP300	TCGA-BLCA	5.231283891017484E-11	2.859482550236849E-5
GLOBAL	ENSG00000138829	FBN2	TCGA-HNSC	2.0947667866183146E-9	0.0011450246627670102
GLOBAL	ENSG00000105568	PPP2R1A	TCGA-UVM	1.900255553106884E-8	0.010387024883948602
GLOBAL	ENSG00000105568	PPP2R1A	TCGA-THCA	9.645655451172182E-15	5.272431017476129E-9
GLOBAL	ENSG00000105568	PPP2R1A	TCGA-UCEC	8.565705986842113E-9	0.004682117680879742
GLOBAL	ENSG00000105568	PPP2R1A	TCGA-COAD	7.996403058529437E-12	4.370929868628893E-6
GLOBAL	ENSG00000105568	PPP2R1A	TCGA-OV	6.960404397144113E-14	3.8046405683317376E-8
GLOBAL	ENSG00000152207	CYSLTR2	TCGA-UVM	4.5511478117179065E-11	2.4877120076587483E-5
GLOBAL	ENSG00000156052	GNAQ	TCGA-UVM	2.4743032578116532E-11	1.3524838523589434E-5
GLOBAL	ENSG00000123080	CDKN2C	TCGA-LGG	2.713042434528823E-14	1.482981551222669E-8
GLOBAL	ENSG00000136352	NKX2-1	TCGA-LGG	1.743335662700082E-23	9.529281932598171E-18
GLOBAL	ENSG00000085224	ATRX	TCGA-LGG	9.26737814017668E-12	5.065660099958256E-6
GLOBAL	ENSG00000085224	ATRX	TCGA-SARC	2.4878501904119935E-9	0.0013598887682814806
GLOBAL	ENSG00000109670	FBXW7	TCGA-STAD	1.1907266012148018E-8	0.0065086544894322525
GLOBAL	ENSG00000109670	FBXW7	TCGA-BRCA	4.891611836971445E-17	2.6738137294306355E-11
GLOBAL	ENSG00000109670	FBXW7	TCGA-BLCA	6.8026696521609E-13	3.718420863906974E-7
GLOBAL	ENSG00000109670	FBXW7	TCGA-HNSC	7.177517957125172E-8	0.039233174455801045
GLOBAL	ENSG00000119772	DNMT3A	TCGA-LGG	1.5751015328043662E-10	8.609693990492602E-5
GLOBAL	ENSG00000119772	DNMT3A	TCGA-KIRP	4.7807239556260287E-14	2.6132010828326547E-8
GLOBAL	ENSG00000119772	DNMT3A	TCGA-THCA	3.589786070753388E-15	1.962220143706651E-9
GLOBAL	ENSG00000134853	PDGFRA	TCGA-LGG	9.771080122173805E-17	5.340989647741668E-11
GLOBAL	ENSG00000157388	CACNA1D	TCGA-BRCA	1.0994903534773924E-14	6.009946210949845E-9
GLOBAL	ENSG00000162434	JAK1	TCGA-OV	6.001981612958559E-9	0.003280755173422504
GLOBAL	ENSG00000162434	JAK1	TCGA-UCEC	2.130148908998722E-8	0.011643649554456095
GLOBAL	ENSG00000066468	FGFR2	TCGA-BRCA	3.4068316904982676E-21	1.8622150840066393E-15
GLOBAL	ENSG00000066468	FGFR2	TCGA-UCEC	1.6240950135038584E-9	8.87749823521371E-4
GLOBAL	ENSG00000066468	FGFR2	TCGA-LUSC	6.303331533171483E-10	3.445476656009931E-4
GLOBAL	ENSG00000102145	GATA1	TCGA-BRCA	1.07865460425087E-21	5.896055505387766E-16
GLOBAL	ENSG00000129514	FOXA1	TCGA-BRCA	4.0144292045848995E-20	2.194335176376561E-14
GLOBAL	ENSG00000102699	PARP4	TCGA-COAD	3.920578776122496E-8	0.021430354059738695
GLOBAL	ENSG00000135111	TBX3	TCGA-COAD	8.440112204774388E-11	4.613466612476138E-5
GLOBAL	ENSG00000135111	TBX3	TCGA-BRCA	5.733446300513502E-15	3.1339705492162863E-9
GLOBAL	ENSG00000147724	FAM135B	TCGA-LUSC	1.1710213830015093E-9	6.40094340205221E-4
GLOBAL	ENSG00000116016	EPAS1	TCGA-BRCA	6.498900453231881E-20	3.552376974541985E-14
GLOBAL	ENSG00000116016	EPAS1	TCGA-PCPG	1.9125266946704328E-10	1.0454100416271946E-4
GLOBAL	ENSG00000051341	POLQ	TCGA-LUSC	2.8301751107493554E-8	0.015470076776369267
GLOBAL	ENSG00000126883	NUP214	TCGA-KIRP	7.65298314611624E-17	4.18321242346489E-11
GLOBAL	ENSG00000100345	MYH9	TCGA-OV	1.7334183159360165E-9	9.47507252510418E-4
GLOBAL	ENSG00000100345	MYH9	TCGA-BRCA	3.5244504555423237E-16	1.9265069124049006E-10
GLOBAL	ENSG00000100345	MYH9	TCGA-COAD	3.804887696944879E-9	0.0020797972738024343
GLOBAL	ENSG00000142798	HSPG2	TCGA-COAD	1.2259065939252183E-14	6.700952551186514E-9
GLOBAL	ENSG00000111266	DUSP16	TCGA-COAD	1.0851519448556723E-12	5.931570748814487E-7
GLOBAL	ENSG00000196998	WDR45	TCGA-BLCA	7.860183013095596E-8	0.0429647035715421
GLOBAL	ENSG00000085276	MECOM	TCGA-SKCM	5.2881224793513295E-9	0.002890551204683189
GLOBAL	ENSG00000085276	MECOM	TCGA-UCEC	9.968865873710982E-10	5.449101712960907E-4
GLOBAL	ENSG00000157554	ERG	TCGA-OV	1.1369192762955122E-10	6.214537194544425E-5
GLOBAL	ENSG00000148737	TCF7L2	TCGA-UCEC	1.8976994133143838E-8	0.010373052717106021
GLOBAL	ENSG00000148737	TCF7L2	TCGA-COAD	6.92259811945778E-14	3.7839752032730564E-8
GLOBAL	ENSG00000160201	U2AF1	TCGA-UCEC	5.708620031808228E-13	3.1204002128267586E-7
GLOBAL	ENSG00000160201	U2AF1	TCGA-PRAD	1.2939152023525409E-9	7.072695765883271E-4
GLOBAL	ENSG00000160201	U2AF1	TCGA-LUAD	1.218855150828819E-14	6.662408517048424E-9
GLOBAL	ENSG00000124181	PLCG1	TCGA-LGG	1.376154301566774E-11	7.522224550880175E-6
GLOBAL	ENSG00000123364	HOXC13	TCGA-BRCA	1.3374361838649708E-18	7.310586673347993E-13
GLOBAL	ENSG00000139618	BRCA2	TCGA-BRCA	1.6719716694927887E-18	9.139197782047922E-13
GLOBAL	ENSG00000139618	BRCA2	TCGA-COAD	6.667356607872635E-8	0.03644457130142476
GLOBAL	ENSG00000166710	B2M	TCGA-CESC	1.0147101437894795E-9	5.54652741117055E-4
GLOBAL	ENSG00000107485	GATA3	TCGA-BRCA	1.5344537085147464E-14	8.387508105186627E-9
GLOBAL	ENSG00000156650	KAT6B	TCGA-BRCA	8.868408263778833E-20	4.8475783778806754E-14
GLOBAL	ENSG00000096968	JAK2	TCGA-BRCA	9.081857472963551E-18	4.964252277011553E-12
GLOBAL	ENSG00000132155	RAF1	TCGA-SKCM	4.558561119813779E-9	0.00249176421082365
GLOBAL	ENSG00000215301	DDX3X	TCGA-BRCA	5.453998926361481E-16	2.9812212611363016E-10
GLOBAL	ENSG00000153201	RANBP2	TCGA-PCPG	2.5445969441059815E-8	0.013909072248116588
GLOBAL	ENSG00000153201	RANBP2	TCGA-KIRC	1.3309467593908846E-23	7.275114700441702E-18
GLOBAL	ENSG00000101333	PLCB4	TCGA-UVM	3.7171832380877255E-8	0.02031856964137608
GLOBAL	ENSG00000181722	ZBTB20	TCGA-LGG	5.093409251508492E-17	2.7841186177855597E-11
GLOBAL	ENSG00000124145	SDC4	TCGA-STAD	2.3108180619728844E-11	1.2631208824911224E-5
GLOBAL	ENSG00000135605	TEC	TCGA-UCEC	7.798117916063993E-8	0.04262544830335572
GLOBAL	ENSG00000166949	SMAD3	TCGA-COAD	4.3319583349716463E-11	2.3679004093955214E-5
GLOBAL	ENSG00000175387	SMAD2	TCGA-COAD	1.8668396442916542E-8	0.010204369516455498
GLOBAL	ENSG00000175387	SMAD2	TCGA-BRCA	8.866624255619457E-15	4.8466032176126625E-9
GLOBAL	ENSG00000160007	ARHGAP35	TCGA-UCEC	4.655683851377201E-13	2.5448526613689945E-7
GLOBAL	ENSG00000095015	MAP3K1	TCGA-UCEC	4.545847400102454E-9	0.0024848147390648025
GLOBAL	ENSG00000095015	MAP3K1	TCGA-THCA	1.6224753980206074E-22	8.868645222628403E-17
GLOBAL	ENSG00000095015	MAP3K1	TCGA-COAD	6.565954592589288E-8	0.03589029571764416
GLOBAL	ENSG00000095015	MAP3K1	TCGA-BRCA	1.029581011485726E-17	5.627813358502357E-12
GLOBAL	ENSG00000095015	MAP3K1	TCGA-CESC	7.887948890986581E-9	0.004311647519199957
GLOBAL	ENSG00000175054	ATR	TCGA-UCEC	1.060085101751487E-9	5.794552376385838E-4
GLOBAL	ENSG00000159216	RUNX1	TCGA-BRCA	4.809886932970105E-21	2.6291419162046553E-15
GLOBAL	ENSG00000144218	AFF3	TCGA-BRCA	9.075333093110649E-20	4.9606859726913975E-14
GLOBAL	ENSG00000178568	ERBB4	TCGA-BRCA	3.639176734792523E-17	1.9892176733584106E-11
GLOBAL	ENSG00000178568	ERBB4	TCGA-BLCA	6.791460990587131E-9	0.0037122940749868133
GLOBAL	ENSG00000198795	ZNF521	TCGA-LUSC	1.8620719757055121E-10	1.0178308867843414E-4
GLOBAL	ENSG00000134086	VHL	TCGA-THYM	4.067381530158983E-21	2.223279552963262E-15
GLOBAL	ENSG00000134086	VHL	TCGA-KIRC	1.1356784885984902E-27	6.207754900097979E-22
GLOBAL	ENSG00000133895	MEN1	TCGA-BRCA	2.250898551978763E-19	1.2303681592942155E-13
GLOBAL	ENSG00000105656	ELL	TCGA-OV	1.1138669670211828E-8	0.006088530505773828
GLOBAL	ENSG00000027697	IFNGR1	TCGA-CESC	2.3668623276541204E-9	0.0012937553506436742
GLOBAL	ENSG00000196498	NCOR2	TCGA-PRAD	5.6453109369799736E-8	0.030857947018844974
GLOBAL	ENSG00000196498	NCOR2	TCGA-BRCA	3.003973535999588E-14	1.6420079824598068E-8
GLOBAL	ENSG00000196498	NCOR2	TCGA-COAD	3.000696846627348E-8	0.01640216904728668
GLOBAL	ENSG00000142208	AKT1	TCGA-THCA	5.129652315633449E-19	2.803929511553031E-13
GLOBAL	ENSG00000142208	AKT1	TCGA-BRCA	5.708816361720962E-17	3.120507529113018E-11
GLOBAL	ENSG00000142208	AKT1	TCGA-UCEC	1.0003544903665037E-8	0.005468057686882153
GLOBAL	ENSG00000142208	AKT1	TCGA-CESC	4.581729236277742E-9	0.002504428181300249
GLOBAL	ENSG00000128191	DGCR8	TCGA-THCA	2.1154639251496028E-12	1.1563379670538747E-6
GLOBAL	ENSG00000097007	ABL1	TCGA-UCEC	4.4268903891555525E-9	0.002419791409397095
GLOBAL	ENSG00000186174	BCL9L	TCGA-COAD	1.8194128150288057E-11	9.945128776485256E-6
GLOBAL	ENSG00000100697	DICER1	TCGA-COAD	9.40050996220754E-10	5.138431551462187E-4
GLOBAL	ENSG00000132002	DNAJB1	TCGA-BLCA	4.854591150398039E-11	2.653577777901373E-5
GLOBAL	ENSG00000144476	ACKR3	TCGA-OV	3.223615803353824E-16	1.7620670815028403E-10
GLOBAL	ENSG00000165238	WNK2	TCGA-THCA	1.3254345578439084E-19	7.244984345321743E-14
GLOBAL	ENSG00000144554	FANCD2	TCGA-COAD	1.5314427363804616E-10	8.371049770183969E-5
GLOBAL	ENSG00000183765	CHEK2	TCGA-THCA	4.76824613499851E-20	2.6063805563438056E-14
GLOBAL	ENSG00000156858	PRR14	TCGA-THCA	3.7214086392356577E-22	2.0341666191098815E-16
GLOBAL	ENSG00000116731	PRDM2	TCGA-KIRP	2.0425037648134747E-24	1.1164570678922231E-18
GLOBAL	ENSG00000079432	CIC	TCGA-LGG	2.6204237965671046E-11	1.4323550922891381E-5
GLOBAL	ENSG00000079432	CIC	TCGA-LUAD	4.85425230210744E-13	2.653392559359552E-7
GLOBAL	ENSG00000010671	BTK	TCGA-LUAD	1.0488169015999866E-17	5.732959042173718E-12
GLOBAL	ENSG00000171681	ATF7IP	TCGA-LUAD	1.0850429212146644E-17	5.930974812509901E-12
GLOBAL	ENSG00000171681	ATF7IP	TCGA-UCEC	6.486084127684714E-8	0.035453714172019965
GLOBAL	ENSG00000116128	BCL9	TCGA-STAD	2.3214778166592988E-11	1.2689476323197725E-5
GLOBAL	ENSG00000101096	NFATC2	TCGA-SARC	4.1314474861061477E-13	2.2582987732754535E-7
GLOBAL	ENSG00000100320	RBFOX2	TCGA-THCA	4.2892843824603744E-21	2.34457431486543E-15
GLOBAL	ENSG00000153165	RGPD3	TCGA-THCA	3.9659494379963474E-17	2.1678355542020595E-11
GLOBAL	ENSG00000121067	SPOP	TCGA-UCEC	4.743958853977814E-17	2.593104837090521E-11
GLOBAL	ENSG00000237649	KIFC1	TCGA-UCEC	5.3475841042002295E-9	0.002923053642365096
GLOBAL	ENSG00000169402	RSPH10B2	TCGA-LGG	5.752047921754171E-21	3.144138418605891E-15
GLOBAL	ENSG00000157404	KIT	TCGA-LGG	7.629185604443526E-14	4.1702044016160845E-8
GLOBAL	ENSG00000157404	KIT	TCGA-TGCT	1.4706501247640223E-13	8.038750059975117E-8
GLOBAL	ENSG00000157404	KIT	TCGA-SARC	1.2972949651359977E-9	7.09116995482918E-4
GLOBAL	ENSG00000157404	KIT	TCGA-STAD	2.2975502678844152E-9	0.001255868547028836
GLOBAL	ENSG00000130779	CLIP1	TCGA-STAD	6.15243959259625E-10	3.362997310588221E-4
GLOBAL	ENSG00000130779	CLIP1	TCGA-LUAD	4.837856193122508E-15	2.6444302494350805E-9
GLOBAL	ENSG00000189283	FHIT	TCGA-STAD	3.3996262822242297E-9	0.0018582765213791506
GLOBAL	ENSG00000128052	KDR	TCGA-LUAD	2.1860227560559324E-15	1.1949062707332453E-9
GLOBAL	ENSG00000118046	STK11	TCGA-LUAD	1.2657891810808653E-19	6.918955558489739E-14
GLOBAL	ENSG00000182872	RBM10	TCGA-COAD	1.889626726366268E-10	1.0328926441525185E-4
GLOBAL	ENSG00000182872	RBM10	TCGA-LUAD	6.229527564098199E-18	3.405134520866845E-12
GLOBAL	ENSG00000131051	RBM39	TCGA-UCEC	2.0135910976430496E-11	1.1006530570648627E-5
GLOBAL	ENSG00000138698	RAP1GDS1	TCGA-KIRC	5.630921555145916E-28	3.07792929310142E-22
GLOBAL	ENSG00000145715	RASA1	TCGA-HNSC	3.5849629630008098E-9	0.0019595837751317986
GLOBAL	ENSG00000040731	CDH10	TCGA-LUAD	3.2904528868051026E-17	1.7986010333623106E-11
GLOBAL	ENSG00000067955	CBFB	TCGA-BRCA	9.19470301407427E-22	5.025935003929165E-16
GLOBAL	ENSG00000128731	HERC2	TCGA-THCA	3.1997619801271037E-18	1.7490282954812364E-12
GLOBAL	ENSG00000026103	FAS	TCGA-CESC	1.4162154066017362E-8	0.007741203358333882
GLOBAL	ENSG00000198053	SIRPA	TCGA-CESC	1.9020246421168685E-9	0.0010396694936767857
GLOBAL	ENSG00000102038	SMARCA1	TCGA-PRAD	2.660468041047343E-8	0.014542437568529703
GLOBAL	ENSG00000037280	FLT4	TCGA-LUAD	6.894584436178402E-16	3.768662587828349E-10
GLOBAL	ENSG00000037280	FLT4	TCGA-BLCA	3.767917946508265E-9	0.002059589164576776
GLOBAL	ENSG00000174197	MGA	TCGA-LUAD	1.3875637719102715E-18	7.584590084914173E-13
GLOBAL	ENSG00000183454	GRIN2A	TCGA-BRCA	3.721127948744031E-19	2.0340131903188721E-13
GLOBAL	ENSG00000131747	TOP2A	TCGA-STAD	8.987126606382944E-10	4.912471248568194E-4
GLOBAL	ENSG00000078328	RBFOX1	TCGA-PRAD	2.892327378497153E-8	0.015809808530150855
GLOBAL	ENSG00000049540	ELN	TCGA-BRCA	1.441287240237623E-16	7.878249009607676E-11
GLOBAL	ENSG00000197535	MYO5A	TCGA-BRCA	8.468020675226384E-21	4.628721717326844E-15
GLOBAL	ENSG00000088256	GNA11	TCGA-UVM	3.4616667077666296E-11	1.8921885624657327E-5
GLOBAL	ENSG00000110092	CCND1	TCGA-UCEC	6.873310301319858E-12	3.75703389042505E-6
GLOBAL	ENSG00000141027	NCOR1	TCGA-BRCA	1.3421032169473547E-18	7.336097236220274E-13
GLOBAL	ENSG00000180611	MB21D2	TCGA-LUAD	5.924802610818041E-19	3.238568204704471E-13
GLOBAL	ENSG00000140538	NTRK3	TCGA-STAD	1.7447065586742755E-8	0.00953677541450063
GLOBAL	ENSG00000079102	RUNX1T1	TCGA-LGG	2.7434186446404705E-15	1.499585552184217E-9
GLOBAL	ENSG00000099994	SUSD2	TCGA-LUSC	2.0751227498095584E-9	0.0011342869965189023
GLOBAL	ENSG00000138592	USP8	TCGA-LUSC	9.665917908294363E-10	5.283506719688598E-4
GLOBAL	ENSG00000180917	CMTR2	TCGA-LUAD	1.2774048194250266E-15	6.982448031555526E-10
GLOBAL	ENSG00000168769	TET2	TCGA-SARC	1.5545696287002666E-8	0.0084974641388311
GLOBAL	ENSG00000115414	FN1	TCGA-LUSC	8.16498445173224E-9	0.004463078481130263
GLOBAL	ENSG00000091831	ESR1	TCGA-BRCA	1.3534122543934422E-18	7.397913791985083E-13
GLOBAL	ENSG00000091831	ESR1	TCGA-LUSC	1.873716544669755E-9	0.0010241959479150241
GLOBAL	ENSG00000091831	ESR1	TCGA-SARC	1.8126904731322377E-8	0.009908383648997586
GLOBAL	ENSG00000198625	MDM4	TCGA-BRCA	1.6363110098566202E-21	8.94427233719747E-16
GLOBAL	ENSG00000162613	FUBP1	TCGA-LGG	4.1730892414992644E-10	2.2810606564743958E-4
GLOBAL	ENSG00000131023	LATS1	TCGA-OV	8.752055162149696E-10	4.7839783762929696E-4
GLOBAL	ENSG00000131023	LATS1	TCGA-COAD	2.1668895478494816E-11	1.184447829529101E-5
GLOBAL	ENSG00000198400	NTRK1	TCGA-BRCA	1.6131984987002444E-17	8.81793657771538E-12
GLOBAL	ENSG00000244405	ETV5	TCGA-BRCA	2.0865013231594424E-19	1.140506661254829E-13
GLOBAL	ENSG00000073282	TP63	TCGA-UCEC	4.971210470480914E-8	0.027173232976905135
GLOBAL	ENSG00000099949	LZTR1	TCGA-PRAD	2.4503552126634217E-9	0.001339393563504378
GLOBAL	ENSG00000141367	CLTC	TCGA-BRCA	8.801366071148148E-21	4.8109323108824315E-15
GLOBAL	ENSG00000134371	CDC73	TCGA-LUAD	1.23816517707307E-17	6.7679594377026494E-12
GLOBAL	ENSG00000161547	SRSF2	TCGA-CESC	1.6855955904357778E-9	9.213667768792814E-4
GLOBAL	ENSG00000104408	EIF3E	TCGA-COAD	4.293517920242307E-10	2.3468884174194878E-4
GLOBAL	ENSG00000082898	XPO1	TCGA-PRAD	1.3797188200188784E-8	0.007541708636481592
GLOBAL	ENSG00000131941	RHPN2	TCGA-BRCA	4.1036465939763457E-19	2.2431024720265985E-13
GLOBAL	ENSG00000131941	RHPN2	TCGA-THCA	5.1529194272599416E-15	2.816647593973411E-9
GLOBAL	ENSG00000173039	RELA	TCGA-STAD	1.2899095260404528E-8	0.00705080025848024
GLOBAL	ENSG00000196220	SRGAP3	TCGA-SKCM	3.198536120178994E-8	0.017483582257232802
GLOBAL	ENSG00000005889	ZFX	TCGA-SKCM	5.477983118254945E-8	0.02994331308235572
GLOBAL	ENSG00000101115	SALL4	TCGA-BRCA	2.4368004914048086E-14	1.3319843902077652E-8
GLOBAL	ENSG00000062822	POLD1	TCGA-BRCA	1.545636134808467E-15	8.448632589199257E-10
GLOBAL	ENSG00000136014	USP44	TCGA-UCEC	1.374390599435499E-10	7.51258394338637E-5
GLOBAL	ENSG00000120063	GNA13	TCGA-BLCA	1.4036661084349077E-8	0.007672607388638218
GLOBAL	ENSG00000107779	BMPR1A	TCGA-COAD	2.848412669534788E-12	1.5569765461197496E-6
GLOBAL	ENSG00000005073	HOXA11	TCGA-UCEC	9.109189137922811E-9	0.004979192093058264
GLOBAL	ENSG00000182054	IDH2	TCGA-LGG	2.322645049397802E-13	1.2695856557414313E-7
GLOBAL	ENSG00000029363	BCLAF1	TCGA-STAD	7.617531769565061E-9	0.004163834275625497
GLOBAL	ENSG00000187514	PTMA	TCGA-TGCT	2.6544259573003074E-13	1.4509410813718356E-7
GLOBAL	ENSG00000221988	PPT2	TCGA-BLCA	3.010936380831071E-8	0.016458139569988334
